地下小鬼,200,89,164,5,2,1000
逆魔弓箭手,200,89,164,5,2,997
逆魔侍卫,200,89,164,5,2,994
逆魔卫士,200,89,164,5,2,991
逆魔雕像,200,89,164,5,2,988
地下小鬼,200,72,170,4,2,985
逆魔弓箭手,200,72,170,4,2,982
逆魔侍卫,200,72,170,4,2,979
逆魔卫士,200,72,170,4,2,976
逆魔雕像,200,72,170,4,2,973
地下小鬼,200,81,154,5,2,970
逆魔弓箭手,200,81,154,5,2,967
逆魔侍卫,200,81,154,5,2,964
逆魔卫士,200,81,154,5,2,961
逆魔雕像,200,81,154,5,2,958
地下小鬼,200,101,147,4,2,955
逆魔弓箭手,200,101,147,4,2,952
逆魔侍卫,200,101,147,4,2,949
逆魔卫士,200,101,147,4,2,946
逆魔雕像,200,101,147,4,2,943
地下小鬼,200,98,135,5,2,940
逆魔弓箭手,200,98,135,5,2,937
逆魔侍卫,200,98,135,5,2,934
逆魔卫士,200,98,135,5,2,931
逆魔雕像,200,98,135,5,2,928
地下小鬼,200,119,109,4,2,925
逆魔弓箭手,200,119,109,4,2,922
逆魔侍卫,200,119,109,4,2,919
逆魔卫士,200,119,109,4,2,916
逆魔雕像,200,119,109,4,2,913
地下小鬼,200,108,95,5,2,910
逆魔弓箭手,200,108,95,5,2,907
逆魔侍卫,200,108,95,5,2,904
逆魔卫士,200,108,95,5,2,901
逆魔雕像,200,108,95,5,2,898
地下小鬼,200,97,86,5,2,895
逆魔弓箭手,200,97,86,5,2,892
逆魔侍卫,200,97,86,5,2,889
逆魔卫士,200,97,86,5,2,886
逆魔雕像,200,97,86,5,2,883
地下小鬼,200,103,66,5,2,880
逆魔弓箭手,200,103,66,5,2,877
逆魔侍卫,200,103,66,5,2,874
逆魔卫士,200,103,66,5,2,871
逆魔雕像,200,103,66,5,2,868
地下小鬼,200,89,77,4,2,865
逆魔弓箭手,200,89,77,4,2,862
逆魔侍卫,200,89,77,4,2,859
逆魔卫士,200,89,77,4,2,856
逆魔雕像,200,89,77,4,2,853
地下小鬼,200,82,95,3,2,850
逆魔弓箭手,200,82,95,3,2,847
逆魔侍卫,200,82,95,3,2,844
逆魔卫士,200,82,95,3,2,841
逆魔雕像,200,82,95,3,2,838
地下小鬼,200,71,110,4,2,835
逆魔弓箭手,200,71,110,4,2,832
逆魔侍卫,200,71,110,4,2,829
逆魔卫士,200,71,110,4,2,826
逆魔雕像,200,71,110,4,2,823
地下小鬼,200,46,133,4,2,820
逆魔弓箭手,200,46,133,4,2,817
逆魔侍卫,200,46,133,4,2,814
逆魔卫士,200,46,133,4,2,811
逆魔雕像,200,46,133,4,2,808
地下小鬼,200,34,132,6,2,805
逆魔弓箭手,200,34,132,6,2,802
逆魔侍卫,200,34,132,6,2,799
逆魔卫士,200,34,132,6,2,796
逆魔雕像,200,34,132,6,2,793
地下小鬼,200,31,145,4,2,790
逆魔弓箭手,200,31,145,4,2,787
逆魔侍卫,200,31,145,4,2,784
逆魔卫士,200,31,145,4,2,781
逆魔雕像,200,31,145,4,2,778
地下小鬼,200,38,153,4,2,775
逆魔弓箭手,200,38,153,4,2,772
逆魔侍卫,200,38,153,4,2,769
逆魔卫士,200,38,153,4,2,766
逆魔雕像,200,38,153,4,2,763
地下小鬼,200,99,198,7,2,760
逆魔弓箭手,200,99,198,7,2,757
逆魔侍卫,200,99,198,7,2,754
逆魔卫士,200,99,198,7,2,751
逆魔雕像,200,99,198,7,2,748
地下小鬼,200,109,208,5,2,745
逆魔弓箭手,200,109,208,5,2,742
逆魔侍卫,200,109,208,5,2,739
逆魔卫士,200,109,208,5,2,736
逆魔雕像,200,109,208,5,2,733
地下小鬼,200,118,200,5,2,730
逆魔弓箭手,200,118,200,5,2,727
逆魔侍卫,200,118,200,5,2,724
逆魔卫士,200,118,200,5,2,721
逆魔雕像,200,118,200,5,2,718
地下小鬼,200,115,188,5,2,715
逆魔弓箭手,200,115,188,5,2,712
逆魔侍卫,200,115,188,5,2,709
逆魔卫士,200,115,188,5,2,706
逆魔雕像,200,115,188,5,2,703
地下小鬼,200,106,187,3,2,700
逆魔弓箭手,200,106,187,3,2,697
逆魔侍卫,200,106,187,3,2,694
逆魔卫士,200,106,187,3,2,691
逆魔雕像,200,106,187,3,2,688
地下小鬼,200,129,172,3,2,685
逆魔弓箭手,200,129,172,3,2,682
逆魔侍卫,200,129,172,3,2,679
逆魔卫士,200,129,172,3,2,676
逆魔雕像,200,129,172,3,2,673
地下小鬼,200,121,158,4,2,670
逆魔弓箭手,200,121,158,4,2,667
逆魔侍卫,200,121,158,4,2,664
逆魔卫士,200,121,158,4,2,661
逆魔雕像,200,121,158,4,2,658
地下小鬼,200,131,146,3,2,655
逆魔弓箭手,200,131,146,3,2,652
逆魔侍卫,200,131,146,3,2,649
逆魔卫士,200,131,146,3,2,646
逆魔雕像,200,131,146,3,2,643
地下小鬼,200,144,134,4,2,640
逆魔弓箭手,200,144,134,4,2,637
逆魔侍卫,200,144,134,4,2,634
逆魔卫士,200,144,134,4,2,631
逆魔雕像,200,144,134,4,2,628
地下小鬼,200,136,123,5,2,625
逆魔弓箭手,200,136,123,5,2,622
逆魔侍卫,200,136,123,5,2,619
逆魔卫士,200,136,123,5,2,616
逆魔雕像,200,136,123,5,2,613
地下小鬼,200,161,148,4,2,610
逆魔弓箭手,200,161,148,4,2,607
逆魔侍卫,200,161,148,4,2,604
逆魔卫士,200,161,148,4,2,601
逆魔雕像,200,161,148,4,2,598
地下小鬼,200,174,161,4,2,595
逆魔弓箭手,200,174,161,4,2,592
逆魔侍卫,200,174,161,4,2,589
逆魔卫士,200,174,161,4,2,586
逆魔雕像,200,174,161,4,2,583
地下小鬼,200,143,181,4,2,580
逆魔弓箭手,200,143,181,4,2,577
逆魔侍卫,200,143,181,4,2,574
逆魔卫士,200,143,181,4,2,571
逆魔雕像,200,143,181,4,2,568
地下小鬼,200,157,197,4,2,565
逆魔弓箭手,200,157,197,4,2,562
逆魔侍卫,200,157,197,4,2,559
逆魔卫士,200,157,197,4,2,556
逆魔雕像,200,157,197,4,2,553
地下小鬼,200,171,217,4,2,550
逆魔弓箭手,200,171,217,4,2,547
逆魔侍卫,200,171,217,4,2,544
逆魔卫士,200,171,217,4,2,541
逆魔雕像,200,171,217,4,2,538
地下小鬼,200,152,236,4,2,535
逆魔弓箭手,200,152,236,4,2,532
逆魔侍卫,200,152,236,4,2,529
逆魔卫士,200,152,236,4,2,526
逆魔雕像,200,152,236,4,2,523
地下小鬼,200,142,233,5,2,520
逆魔弓箭手,200,142,233,5,2,517
逆魔侍卫,200,142,233,5,2,514
逆魔卫士,200,142,233,5,2,511
逆魔雕像,200,142,233,5,2,508
地下小鬼,200,145,250,3,2,505
逆魔弓箭手,200,145,250,3,2,502
逆魔侍卫,200,145,250,3,2,499
逆魔卫士,200,145,250,3,2,496
逆魔雕像,200,145,250,3,2,493
地下小鬼,200,200,186,4,2,490
逆魔弓箭手,200,200,186,4,2,487
逆魔侍卫,200,200,186,4,2,484
逆魔卫士,200,200,186,4,2,481
逆魔雕像,200,200,186,4,2,478
地下小鬼,200,211,176,5,2,475
逆魔弓箭手,200,211,176,5,2,472
逆魔侍卫,200,211,176,5,2,469
逆魔卫士,200,211,176,5,2,466
逆魔雕像,200,211,176,5,2,463
地下小鬼,200,223,163,5,2,460
逆魔弓箭手,200,223,163,5,2,457
逆魔侍卫,200,223,163,5,2,454
逆魔卫士,200,223,163,5,2,451
逆魔雕像,200,223,163,5,2,448
地下小鬼,200,236,151,5,2,445
逆魔弓箭手,200,236,151,5,2,442
逆魔侍卫,200,236,151,5,2,439
逆魔卫士,200,236,151,5,2,436
逆魔雕像,200,236,151,5,2,433
地下小鬼,200,240,142,4,2,430
逆魔弓箭手,200,240,142,4,2,427
逆魔侍卫,200,240,142,4,2,424
逆魔卫士,200,240,142,4,2,421
逆魔雕像,200,240,142,4,2,418
地下小鬼,200,230,129,3,2,415
逆魔弓箭手,200,230,129,3,2,412
逆魔侍卫,200,230,129,3,2,409
逆魔卫士,200,230,129,3,2,406
逆魔雕像,200,230,129,3,2,403
地下小鬼,200,219,115,3,2,400
逆魔弓箭手,200,219,115,3,2,397
逆魔侍卫,200,219,115,3,2,394
逆魔卫士,200,219,115,3,2,391
逆魔雕像,200,219,115,3,2,388
地下小鬼,200,207,120,3,2,385
逆魔弓箭手,200,207,120,3,2,382
逆魔侍卫,200,207,120,3,2,379
逆魔卫士,200,207,120,3,2,376
逆魔雕像,200,207,120,3,2,373
地下小鬼,200,213,105,4,2,370
逆魔弓箭手,200,213,105,4,2,367
逆魔侍卫,200,213,105,4,2,364
逆魔卫士,200,213,105,4,2,361
逆魔雕像,200,213,105,4,2,358
地下小鬼,200,201,98,5,2,355
逆魔弓箭手,200,201,98,5,2,352
逆魔侍卫,200,201,98,5,2,349
逆魔卫士,200,201,98,5,2,346
逆魔雕像,200,201,98,5,2,343
地下小鬼,200,194,107,5,2,340
逆魔弓箭手,200,194,107,5,2,337
逆魔侍卫,200,194,107,5,2,334
逆魔卫士,200,194,107,5,2,331
逆魔雕像,200,194,107,5,2,328
地下小鬼,200,185,99,5,2,325
逆魔弓箭手,200,185,99,5,2,322
逆魔侍卫,200,185,99,5,2,319
逆魔卫士,200,185,99,5,2,316
逆魔雕像,200,185,99,5,2,313
地下小鬼,200,197,90,5,2,310
逆魔弓箭手,200,197,90,5,2,307
逆魔侍卫,200,197,90,5,2,304
逆魔卫士,200,197,90,5,2,301
逆魔雕像,200,197,90,5,2,1000
地下小鬼,200,186,80,5,2,995
逆魔弓箭手,200,186,80,5,2,990
逆魔侍卫,200,186,80,5,2,985
逆魔卫士,200,186,80,5,2,980
逆魔雕像,200,186,80,5,2,975
地下小鬼,200,176,90,4,2,970
逆魔弓箭手,200,176,90,4,2,965
逆魔侍卫,200,176,90,4,2,960
逆魔卫士,200,176,90,4,2,955
逆魔雕像,200,176,90,4,2,950
地下小鬼,200,174,76,5,2,945
逆魔弓箭手,200,174,76,5,2,940
逆魔侍卫,200,174,76,5,2,935
逆魔卫士,200,174,76,5,2,930
逆魔雕像,200,174,76,5,2,925
地下小鬼,200,166,65,5,2,920
逆魔弓箭手,200,166,65,5,2,915
逆魔侍卫,200,166,65,5,2,910
逆魔卫士,200,166,65,5,2,905
逆魔雕像,200,166,65,5,2,900
地下小鬼,200,153,55,4,2,895
逆魔弓箭手,200,153,55,4,2,890
逆魔侍卫,200,153,55,4,2,885
逆魔卫士,200,153,55,4,2,880
逆魔雕像,200,153,55,4,2,875
地下小鬼,200,140,52,4,2,870
逆魔弓箭手,200,140,52,4,2,865
逆魔侍卫,200,140,52,4,2,860
逆魔卫士,200,140,52,4,2,855
逆魔雕像,200,140,52,4,2,850
地下小鬼,200,153,39,4,2,845
逆魔弓箭手,200,153,39,4,2,840
逆魔侍卫,200,153,39,4,2,835
逆魔卫士,200,153,39,4,2,830
逆魔雕像,200,153,39,4,2,825
地下小鬼,200,138,101,4,2,820
逆魔弓箭手,200,138,101,4,2,815
逆魔侍卫,200,138,101,4,2,810
逆魔卫士,200,138,101,4,2,805
逆魔雕像,200,138,101,4,2,800
地下小鬼,200,167,127,3,2,795
逆魔弓箭手,200,167,127,3,2,790
逆魔侍卫,200,167,127,3,2,785
逆魔卫士,200,167,127,3,2,780
逆魔雕像,200,167,127,3,2,775
