ДжД§№­јэКЦ,203,58,139,4,2,1000
ДжД§КМОА,203,58,139,4,2,997
ДжД§ОАКї,203,58,139,4,2,994
ДжД§µсПс,203,58,139,4,2,991
ДжД§№­јэКЦ,203,41,122,4,2,988
ДжД§КМОА,203,41,122,4,2,985
ДжД§ОАКї,203,41,122,4,2,982
ДжД§µсПс,203,41,122,4,2,979
ДжД§№­јэКЦ,203,35,106,3,2,976
ДжД§КМОА,203,35,106,3,2,973
ДжД§ОАКї,203,35,106,3,2,970
ДжД§µсПс,203,35,106,3,2,967
ДжД§№­јэКЦ,203,35,95,4,2,964
ДжД§КМОА,203,35,95,4,2,961
ДжД§ОАКї,203,35,95,4,2,958
ДжД§µсПс,203,35,95,4,2,955
ДжД§№­јэКЦ,203,31,100,3,2,952
ДжД§КМОА,203,31,100,3,2,949
ДжД§ОАКї,203,31,100,3,2,946
ДжД§µсПс,203,31,100,3,2,943
ДжД§№­јэКЦ,203,42,81,4,2,940
ДжД§КМОА,203,42,81,4,2,937
ДжД§ОАКї,203,42,81,4,2,934
ДжД§µсПс,203,42,81,4,2,931
ДжД§№­јэКЦ,203,62,69,3,2,928
ДжД§КМОА,203,62,69,3,2,925
ДжД§ОАКї,203,62,69,3,2,922
ДжД§µсПс,203,62,69,3,2,919
ДжД§№­јэКЦ,203,70,71,4,2,916
ДжД§КМОА,203,70,71,4,2,913
ДжД§ОАКї,203,70,71,4,2,910
ДжД§µсПс,203,70,71,4,2,907
ДжД§№­јэКЦ,203,75,77,4,2,904
ДжД§КМОА,203,75,77,4,2,901
ДжД§ОАКї,203,75,77,4,2,898
ДжД§µсПс,203,75,77,4,2,895
ДжД§№­јэКЦ,203,69,53,4,2,892
ДжД§КМОА,203,69,53,4,2,889
ДжД§ОАКї,203,69,53,4,2,886
ДжД§µсПс,203,69,53,4,2,883
ДжД§№­јэКЦ,203,84,45,3,2,880
ДжД§КМОА,203,84,45,3,2,877
ДжД§ОАКї,203,84,45,3,2,874
ДжД§µсПс,203,84,45,3,2,871
ДжД§№­јэКЦ,203,89,30,3,2,868
ДжД§КМОА,203,89,30,3,2,865
ДжД§ОАКї,203,89,30,3,2,862
ДжД§µсПс,203,89,30,3,2,859
ДжД§№­јэКЦ,203,108,34,5,2,856
ДжД§КМОА,203,108,34,5,2,853
ДжД§ОАКї,203,108,34,5,2,850
ДжД§µсПс,203,108,34,5,2,847
ДжД§№­јэКЦ,203,124,48,4,2,844
ДжД§КМОА,203,124,48,4,2,841
ДжД§ОАКї,203,124,48,4,2,838
ДжД§µсПс,203,124,48,4,2,835
ДжД§№­јэКЦ,203,132,66,4,2,832
ДжД§КМОА,203,132,66,4,2,829
ДжД§ОАКї,203,132,66,4,2,826
ДжД§µсПс,203,132,66,4,2,823
ДжД§№­јэКЦ,203,146,74,4,2,820
ДжД§КМОА,203,146,74,4,2,817
ДжД§ОАКї,203,146,74,4,2,814
ДжД§µсПс,203,146,74,4,2,811
ДжД§№­јэКЦ,203,163,93,4,2,808
ДжД§КМОА,203,163,93,4,2,805
ДжД§ОАКї,203,163,93,4,2,802
ДжД§µсПс,203,163,93,4,2,799
ДжД§№­јэКЦ,203,161,102,6,2,796
ДжД§КМОА,203,161,102,6,2,793
ДжД§ОАКї,203,161,102,6,2,790
ДжД§µсПс,203,161,102,6,2,787
ДжД§№­јэКЦ,203,167,111,4,2,784
ДжД§КМОА,203,167,111,4,2,781
ДжД§ОАКї,203,167,111,4,2,778
ДжД§µсПс,203,167,111,4,2,775
ДжД§№­јэКЦ,203,151,129,4,2,772
ДжД§КМОА,203,151,129,4,2,769
ДжД§ОАКї,203,151,129,4,2,766
ДжД§µсПс,203,151,129,4,2,763
ДжД§№­јэКЦ,203,126,149,4,2,760
ДжД§КМОА,203,126,149,4,2,757
ДжД§ОАКї,203,126,149,4,2,754
ДжД§µсПс,203,126,149,4,2,751
ДжД§№­јэКЦ,203,119,143,5,2,748
ДжД§КМОА,203,119,143,5,2,745
ДжД§ОАКї,203,119,143,5,2,742
ДжД§µсПс,203,119,143,5,2,739
ДжД§№­јэКЦ,203,112,160,3,2,736
ДжД§КМОА,203,112,160,3,2,733
ДжД§ОАКї,203,112,160,3,2,730
ДжД§µсПс,203,112,160,3,2,727
ДжД§№­јэКЦ,203,107,167,3,2,724
ДжД§КМОА,203,107,167,3,2,721
ДжД§ОАКї,203,107,167,3,2,718
ДжД§µсПс,203,107,167,3,2,715
ДжД§№­јэКЦ,203,101,171,3,2,712
ДжД§КМОА,203,101,171,3,2,709
ДжД§ОАКї,203,101,171,3,2,706
ДжД§µсПс,203,101,171,3,2,703
ДжД§№­јэКЦ,203,88,171,3,2,700
ДжД§КМОА,203,88,171,3,2,697
ДжД§ОАКї,203,88,171,3,2,694
ДжД§µсПс,203,88,171,3,2,691
ДжД§№­јэКЦ,203,92,167,3,2,688
ДжД§КМОА,203,92,167,3,2,685
ДжД§ОАКї,203,92,167,3,2,682
ДжД§µсПс,203,92,167,3,2,679
ДжД§№­јэКЦ,203,86,155,4,2,676
ДжД§КМОА,203,86,155,4,2,673
ДжД§ОАКї,203,86,155,4,2,670
ДжД§µсПс,203,86,155,4,2,667
ДжД§№­јэКЦ,203,75,147,3,2,664
ДжД§КМОА,203,75,147,3,2,661
ДжД§ОАКї,203,75,147,3,2,658
ДжД§µсПс,203,75,147,3,2,655
ДжД§№­јэКЦ,203,64,135,3,2,652
ДжД§КМОА,203,64,135,3,2,649
ДжД§ОАКї,203,64,135,3,2,646
ДжД§µсПс,203,64,135,3,2,643
ДжД§№­јэКЦ,203,68,128,3,2,640
ДжД§КМОА,203,68,128,3,2,637
ДжД§ОАКї,203,68,128,3,2,634
ДжД§µсПс,203,68,128,3,2,631
ДжД§№­јэКЦ,203,80,120,3,2,628
ДжД§КМОА,203,80,120,3,2,625
ДжД§ОАКї,203,80,120,3,2,622
ДжД§µсПс,203,80,120,3,2,619
ДжД§№­јэКЦ,203,87,113,4,2,616
ДжД§КМОА,203,87,113,4,2,613
ДжД§ОАКї,203,87,113,4,2,610
ДжД§µсПс,203,87,113,4,2,607
ДжД§№­јэКЦ,203,91,103,5,2,604
ДжД§КМОА,203,91,103,5,2,601
ДжД§ОАКї,203,91,103,5,2,598
ДжД§µсПс,203,91,103,5,2,595
ДжД§№­јэКЦ,203,104,97,4,2,592
ДжД§КМОА,203,104,97,4,2,589
ДжД§ОАКї,203,104,97,4,2,586
ДжД§µсПс,203,104,97,4,2,583
ДжД§№­јэКЦ,203,116,83,4,2,580
ДжД§КМОА,203,116,83,4,2,577
ДжД§ОАКї,203,116,83,4,2,574
ДжД§µсПс,203,116,83,4,2,571
ДжД§№­јэКЦ,203,137,137,3,2,568
ДжД§КМОА,203,137,137,3,2,565
ДжД§ОАКї,203,137,137,3,2,562
ДжД§µсПс,203,137,137,3,2,559
ДжД§№­јэКЦ,203,46,118,3,2,556
ДжД§КМОА,203,46,118,3,2,553
ДжД§ОАКї,203,46,118,3,2,550
ДжД§µсПс,203,46,118,3,2,547
ДжД§№­јэКЦ,203,65,63,4,2,544
ДжД§КМОА,203,65,63,4,2,541
ДжД§ОАКї,203,65,63,4,2,538
ДжД§µсПс,203,65,63,4,2,535
ДжД§,203,97,102,1,1,3600
