ДжД§№­јэКЦ,215,48,29,4,2,1000
ДжД§КМОА,215,48,29,4,2,995
ДжД§ОАКї,215,48,29,4,2,990
ДжД§µсПс,215,48,29,4,2,985
ДжД§№­јэКЦ,215,55,35,4,2,980
ДжД§КМОА,215,55,35,4,2,975
ДжД§ОАКї,215,55,35,4,2,970
ДжД§µсПс,215,55,35,4,2,965
ДжД§№­јэКЦ,215,45,37,4,2,960
ДжД§КМОА,215,45,37,4,2,955
ДжД§ОАКї,215,45,37,4,2,950
ДжД§µсПс,215,45,37,4,2,945
ДжД§№­јэКЦ,215,34,37,4,2,940
ДжД§КМОА,215,34,37,4,2,935
ДжД§ОАКї,215,34,37,4,2,930
ДжД§µсПс,215,34,37,4,2,925
ДжД§№­јэКЦ,215,28,46,4,2,920
ДжД§КМОА,215,28,46,4,2,915
ДжД§ОАКї,215,28,46,4,2,910
ДжД§µсПс,215,28,46,4,2,905
ДжД§№­јэКЦ,215,24,55,3,2,900
ДжД§КМОА,215,24,55,3,2,895
ДжД§ОАКї,215,24,55,3,2,890
ДжД§µсПс,215,24,55,3,2,885
ДжД§№­јэКЦ,215,34,63,4,2,880
ДжД§КМОА,215,34,63,4,2,875
ДжД§ОАКї,215,34,63,4,2,870
ДжД§µсПс,215,34,63,4,2,865
ДжД§№­јэКЦ,215,43,71,3,2,860
ДжД§КМОА,215,43,71,3,2,855
ДжД§ОАКї,215,43,71,3,2,850
ДжД§µсПс,215,43,71,3,2,845
ДжД§№­јэКЦ,215,49,66,5,2,840
ДжД§КМОА,215,49,66,5,2,835
ДжД§ОАКї,215,49,66,5,2,830
ДжД§µсПс,215,49,66,5,2,825
ДжД§№­јэКЦ,215,36,57,3,2,820
ДжД§КМОА,215,36,57,3,2,815
ДжД§ОАКї,215,36,57,3,2,810
ДжД§µсПс,215,36,57,3,2,805
ДжД§№­јэКЦ,215,52,46,5,2,800
ДжД§КМОА,215,52,46,5,2,795
ДжД§ОАКї,215,52,46,5,2,790
ДжД§µсПс,215,52,46,5,2,785
ДжД§№­јэКЦ,215,64,42,5,2,780
ДжД§КМОА,215,64,42,5,2,775
ДжД§ОАКї,215,64,42,5,2,770
ДжД§µсПс,215,64,42,5,2,765
ДжД§№­јэКЦ,215,66,52,4,2,760
ДжД§КМОА,215,66,52,4,2,755
ДжД§ОАКї,215,66,52,4,2,750
ДжД§µсПс,215,66,52,4,2,745
ДжД§№­јэКЦ,215,56,56,5,2,740
ДжД§КМОА,215,56,56,5,2,735
ДжД§ОАКї,215,56,56,5,2,730
ДжД§µсПс,215,56,56,5,2,725
ДжД§№­јэКЦ,215,48,57,4,2,720
ДжД§КМОА,215,48,57,4,2,715
ДжД§ОАКї,215,48,57,4,2,710
ДжД§µсПс,215,48,57,4,2,705
ДжД§№­јэКЦ,215,58,64,4,2,700
ДжД§КМОА,215,58,64,4,2,695
ДжД§ОАКї,215,58,64,4,2,690
ДжД§µсПс,215,58,64,4,2,685
ДжД§№­јэКЦ,215,68,71,3,2,680
ДжД§КМОА,215,68,71,3,2,675
ДжД§ОАКї,215,68,71,3,2,670
ДжД§µсПс,215,68,71,3,2,665
ДжД§№­јэКЦ,215,37,51,4,2,660
ДжД§КМОА,215,37,51,4,2,655
ДжД§ОАКї,215,37,51,4,2,650
ДжД§µсПс,215,37,51,4,2,645
ДжД§№­јэКЦ,215,37,44,4,2,640
ДжД§КМОА,215,37,44,4,2,635
ДжД§ОАКї,215,37,44,4,2,630
ДжД§µсПс,215,37,44,4,2,625
ДжД§№­јэКЦ,215,42,31,4,2,620
ДжД§КМОА,215,42,31,4,2,615
ДжД§ОАКї,215,42,31,4,2,610
ДжД§µсПс,215,42,31,4,2,605
ДжД§№­јэКЦ,215,70,45,3,2,600
ДжД§КМОА,215,70,45,3,2,595
ДжД§ОАКї,215,70,45,3,2,590
ДжД§µсПс,215,70,45,3,2,585
ДжД§№­јэКЦ,215,13,25,4,5,300
ДжД§№­јэКЦ,215,19,19,5,5,300
ДжД§№­јэКЦ,215,23,26,4,5,300
ДжД§№­јэКЦ,215,28,30,3,5,300
ДжД§Ц®Нх,215,25,18,1,1,3600
