жюг╧й╛ню,188,132,168,4,2,1000
й╛ню,188,132,168,4,2,998
й╛нюсбй©,188,132,168,4,2,996
й╛нюу╫╫╚,188,132,168,4,2,994
жюг╧й╛ню,188,121,160,5,2,992
й╛ню,188,121,160,5,2,990
й╛нюсбй©,188,121,160,5,2,988
й╛нюу╫╫╚,188,121,160,5,2,986
жюг╧й╛ню,188,133,154,3,2,984
й╛ню,188,133,154,3,2,982
й╛нюсбй©,188,133,154,3,2,980
й╛нюу╫╫╚,188,133,154,3,2,978
жюг╧й╛ню,188,168,164,5,2,976
й╛ню,188,168,164,5,2,974
й╛нюсбй©,188,168,164,5,2,972
й╛нюу╫╫╚,188,168,164,5,2,970
жюг╧й╛ню,188,177,157,5,2,968
й╛ню,188,177,157,5,2,966
й╛нюсбй©,188,177,157,5,2,964
й╛нюу╫╫╚,188,177,157,5,2,962
жюг╧й╛ню,188,195,141,4,2,960
й╛ню,188,195,141,4,2,958
й╛нюсбй©,188,195,141,4,2,956
й╛нюу╫╫╚,188,195,141,4,2,954
жюг╧й╛ню,188,175,113,3,2,952
й╛ню,188,175,113,3,2,950
й╛нюсбй©,188,175,113,3,2,948
й╛нюу╫╫╚,188,175,113,3,2,946
жюг╧й╛ню,188,203,117,3,2,944
й╛ню,188,203,117,3,2,942
й╛нюсбй©,188,203,117,3,2,940
й╛нюу╫╫╚,188,203,117,3,2,938
жюг╧й╛ню,188,228,141,3,2,936
й╛ню,188,228,141,3,2,934
й╛нюсбй©,188,228,141,3,2,932
й╛нюу╫╫╚,188,228,141,3,2,930
жюг╧й╛ню,188,259,136,4,2,928
й╛ню,188,259,136,4,2,926
й╛нюсбй©,188,259,136,4,2,924
й╛нюу╫╫╚,188,259,136,4,2,922
жюг╧й╛ню,188,247,127,4,2,920
й╛ню,188,247,127,4,2,918
й╛нюсбй©,188,247,127,4,2,916
й╛нюу╫╫╚,188,247,127,4,2,914
жюг╧й╛ню,188,229,106,4,2,912
й╛ню,188,229,106,4,2,910
й╛нюсбй©,188,229,106,4,2,908
й╛нюу╫╫╚,188,229,106,4,2,906
жюг╧й╛ню,188,209,86,4,2,904
й╛ню,188,209,86,4,2,902
й╛нюсбй©,188,209,86,4,2,900
й╛нюу╫╫╚,188,209,86,4,2,898
жюг╧й╛ню,188,192,69,4,2,896
й╛ню,188,192,69,4,2,894
й╛нюсбй©,188,192,69,4,2,892
й╛нюу╫╫╚,188,192,69,4,2,890
жюг╧й╛ню,188,170,81,4,2,888
й╛ню,188,170,81,4,2,886
й╛нюсбй©,188,170,81,4,2,884
й╛нюу╫╫╚,188,170,81,4,2,882
жюг╧й╛ню,188,160,94,4,2,880
й╛ню,188,160,94,4,2,878
й╛нюсбй©,188,160,94,4,2,876
й╛нюу╫╫╚,188,160,94,4,2,874
жюг╧й╛ню,188,150,88,5,2,872
й╛ню,188,150,88,5,2,870
й╛нюсбй©,188,150,88,5,2,868
й╛нюу╫╫╚,188,150,88,5,2,866
жюг╧й╛ню,188,161,76,4,2,864
й╛ню,188,161,76,4,2,862
й╛нюсбй©,188,161,76,4,2,860
й╛нюу╫╫╚,188,161,76,4,2,858
жюг╧й╛ню,188,182,62,4,2,856
й╛ню,188,182,62,4,2,854
й╛нюсбй©,188,182,62,4,2,852
й╛нюу╫╫╚,188,182,62,4,2,850
жюг╧й╛ню,188,172,48,4,2,848
й╛ню,188,172,48,4,2,846
й╛нюсбй©,188,172,48,4,2,844
й╛нюу╫╫╚,188,172,48,4,2,842
жюг╧й╛ню,188,159,36,5,2,840
й╛ню,188,159,36,5,2,838
й╛нюсбй©,188,159,36,5,2,836
й╛нюу╫╫╚,188,159,36,5,2,834
жюг╧й╛ню,188,124,71,5,2,832
й╛ню,188,124,71,5,2,830
й╛нюсбй©,188,124,71,5,2,828
й╛нюу╫╫╚,188,124,71,5,2,826
жюг╧й╛ню,188,116,83,4,2,824
й╛ню,188,116,83,4,2,822
й╛нюсбй©,188,116,83,4,2,820
й╛нюу╫╫╚,188,116,83,4,2,818
жюг╧й╛ню,188,105,77,4,2,816
й╛ню,188,105,77,4,2,814
й╛нюсбй©,188,105,77,4,2,812
й╛нюу╫╫╚,188,105,77,4,2,810
жюг╧й╛ню,188,114,64,4,2,808
й╛ню,188,114,64,4,2,806
й╛нюсбй©,188,114,64,4,2,804
й╛нюу╫╫╚,188,114,64,4,2,802
жюг╧й╛ню,188,87,102,4,2,800
й╛ню,188,87,102,4,2,798
й╛нюсбй©,188,87,102,4,2,796
й╛нюу╫╫╚,188,87,102,4,2,794
жюг╧й╛ню,188,68,122,4,2,792
й╛ню,188,68,122,4,2,790
й╛нюсбй©,188,68,122,4,2,788
й╛нюу╫╫╚,188,68,122,4,2,786
жюг╧й╛ню,188,60,134,4,2,784
й╛ню,188,60,134,4,2,782
й╛нюсбй©,188,60,134,4,2,780
й╛нюу╫╫╚,188,60,134,4,2,778
жюг╧й╛ню,188,73,151,3,2,776
й╛ню,188,73,151,3,2,774
й╛нюсбй©,188,73,151,3,2,772
й╛нюу╫╫╚,188,73,151,3,2,770
жюг╧й╛ню,188,90,165,5,2,768
й╛ню,188,90,165,5,2,766
й╛нюсбй©,188,90,165,5,2,764
й╛нюу╫╫╚,188,90,165,5,2,762
жюг╧й╛ню,188,106,177,5,2,760
й╛ню,188,106,177,5,2,758
й╛нюсбй©,188,106,177,5,2,756
й╛нюу╫╫╚,188,106,177,5,2,754
жюг╧й╛ню,188,98,186,4,2,752
й╛ню,188,98,186,4,2,750
й╛нюсбй©,188,98,186,4,2,748
й╛нюу╫╫╚,188,98,186,4,2,746
жюг╧й╛ню,188,85,175,4,2,744
й╛ню,188,85,175,4,2,742
й╛нюсбй©,188,85,175,4,2,740
й╛нюу╫╫╚,188,85,175,4,2,738
жюг╧й╛ню,188,102,139,5,2,736
й╛ню,188,102,139,5,2,734
й╛нюсбй©,188,102,139,5,2,732
й╛нюу╫╫╚,188,102,139,5,2,730
жюг╧й╛ню,188,112,130,5,2,728
й╛ню,188,112,130,5,2,726
й╛нюсбй©,188,112,130,5,2,724
й╛нюу╫╫╚,188,112,130,5,2,722
жюг╧й╛ню,188,105,123,4,2,720
й╛ню,188,105,123,4,2,718
й╛нюсбй©,188,105,123,4,2,716
й╛нюу╫╫╚,188,105,123,4,2,714
жюг╧й╛ню,188,97,132,4,2,712
й╛ню,188,97,132,4,2,710
й╛нюсбй©,188,97,132,4,2,708
й╛нюу╫╫╚,188,97,132,4,2,706
жюг╧й╛ню,188,150,135,3,2,704
й╛ню,188,150,135,3,2,702
й╛нюсбй©,188,150,135,3,2,700
й╛нюу╫╫╚,188,150,135,3,2,698
жюг╧й╛ню,188,76,196,4,2,696
й╛ню,188,76,196,4,2,694
й╛нюсбй©,188,76,196,4,2,692
й╛нюу╫╫╚,188,76,196,4,2,690
жюг╧й╛ню,188,63,184,5,2,688
й╛ню,188,63,184,5,2,686
й╛нюсбй©,188,63,184,5,2,684
й╛нюу╫╫╚,188,63,184,5,2,682
жюг╧й╛ню,188,45,164,6,2,680
й╛ню,188,45,164,6,2,678
й╛нюсбй©,188,45,164,6,2,676
й╛нюу╫╫╚,188,45,164,6,2,674
жюг╧й╛ню,188,32,163,5,2,672
й╛ню,188,32,163,5,2,670
й╛нюсбй©,188,32,163,5,2,668
й╛нюу╫╫╚,188,32,163,5,2,666
жюг╧й╛ню,188,44,154,4,2,664
й╛ню,188,44,154,4,2,662
й╛нюсбй©,188,44,154,4,2,660
й╛нюу╫╫╚,188,44,154,4,2,658
жюг╧й╛ню,188,31,154,4,2,656
й╛ню,188,31,154,4,2,654
й╛нюсбй©,188,31,154,4,2,652
й╛нюу╫╫╚,188,31,154,4,2,650
жюг╧й╛ню,188,75,212,4,2,648
й╛ню,188,75,212,4,2,646
й╛нюсбй©,188,75,212,4,2,644
й╛нюу╫╫╚,188,75,212,4,2,642
жюг╧й╛ню,188,91,228,4,2,640
й╛ню,188,91,228,4,2,638
й╛нюсбй©,188,91,228,4,2,636
й╛нюу╫╫╚,188,91,228,4,2,634
жюг╧й╛ню,188,128,208,5,2,632
й╛ню,188,128,208,5,2,630
й╛нюсбй©,188,128,208,5,2,628
й╛нюу╫╫╚,188,128,208,5,2,626
жюг╧й╛ню,188,142,223,5,2,624
й╛ню,188,142,223,5,2,622
й╛нюсбй©,188,142,223,5,2,620
й╛нюу╫╫╚,188,142,223,5,2,618
жюг╧й╛ню,188,154,236,5,2,616
й╛ню,188,154,236,5,2,614
й╛нюсбй©,188,154,236,5,2,612
й╛нюу╫╫╚,188,154,236,5,2,610
жюг╧й╛ню,188,128,251,4,2,608
й╛ню,188,128,251,4,2,606
й╛нюсбй©,188,128,251,4,2,604
й╛нюу╫╫╚,188,128,251,4,2,602
жюг╧й╛ню,188,115,246,5,2,600
й╛ню,188,115,246,5,2,598
й╛нюсбй©,188,115,246,5,2,596
й╛нюу╫╫╚,188,115,246,5,2,594
жюг╧й╛ню,188,133,265,4,2,592
й╛ню,188,133,265,4,2,590
й╛нюсбй©,188,133,265,4,2,588
й╛нюу╫╫╚,188,133,265,4,2,586
жюг╧й╛ню,188,148,279,5,2,584
й╛ню,188,148,279,5,2,582
й╛нюсбй©,188,148,279,5,2,580
й╛нюу╫╫╚,188,148,279,5,2,578
жюг╧й╛ню,188,163,265,5,2,576
й╛ню,188,163,265,5,2,574
й╛нюсбй©,188,163,265,5,2,572
й╛нюу╫╫╚,188,163,265,5,2,570
жюг╧й╛ню,188,159,253,5,2,568
й╛ню,188,159,253,5,2,566
й╛нюсбй©,188,159,253,5,2,564
й╛нюу╫╫╚,188,159,253,5,2,562
жюг╧й╛ню,188,188,221,4,2,560
й╛ню,188,188,221,4,2,558
й╛нюсбй©,188,188,221,4,2,556
й╛нюу╫╫╚,188,188,221,4,2,554
жюг╧й╛ню,188,178,206,5,2,552
й╛ню,188,178,206,5,2,550
й╛нюсбй©,188,178,206,5,2,548
й╛нюу╫╫╚,188,178,206,5,2,546
жюг╧й╛ню,188,165,210,4,2,544
й╛ню,188,165,210,4,2,542
й╛нюсбй©,188,165,210,4,2,540
й╛нюу╫╫╚,188,165,210,4,2,538
жюг╧й╛ню,188,182,195,5,2,536
й╛ню,188,182,195,5,2,534
й╛нюсбй©,188,182,195,5,2,532
й╛нюу╫╫╚,188,182,195,5,2,530
жюг╧й╛ню,188,200,227,4,2,528
й╛ню,188,200,227,4,2,526
й╛нюсбй©,188,200,227,4,2,524
й╛нюу╫╫╚,188,200,227,4,2,522
жюг╧й╛ню,188,220,207,4,2,520
й╛ню,188,220,207,4,2,518
й╛нюсбй©,188,220,207,4,2,516
й╛нюу╫╫╚,188,220,207,4,2,514
жюг╧й╛ню,188,240,186,4,2,512
й╛ню,188,240,186,4,2,510
й╛нюсбй©,188,240,186,4,2,508
й╛нюу╫╫╚,188,240,186,4,2,506
жюг╧й╛ню,188,232,180,4,2,504
й╛ню,188,232,180,4,2,502
й╛нюсбй©,188,232,180,4,2,500
й╛нюу╫╫╚,188,232,180,4,2,498
жюг╧й╛ню,188,246,179,3,2,496
й╛ню,188,246,179,3,2,494
й╛нюсбй©,188,246,179,3,2,492
й╛нюу╫╫╚,188,246,179,3,2,490
жюг╧й╛ню,188,226,174,4,2,488
й╛ню,188,226,174,4,2,486
й╛нюсбй©,188,226,174,4,2,484
й╛нюу╫╫╚,188,226,174,4,2,482
жюг╧й╛ню,188,216,168,5,2,480
й╛ню,188,216,168,5,2,478
й╛нюсбй©,188,216,168,5,2,476
й╛нюу╫╫╚,188,216,168,5,2,474
жюг╧й╛ню,188,265,158,5,2,472
й╛ню,188,265,158,5,2,470
й╛нюсбй©,188,265,158,5,2,468
й╛нюу╫╫╚,188,265,158,5,2,466
жюг╧й╛ню,188,146,187,4,2,464
й╛ню,188,146,187,4,2,462
й╛нюсбй©,188,146,187,4,2,460
й╛нюу╫╫╚,188,146,187,4,2,458
й╛╟т,188,103,171,1,1,3600
