INT,STRING,STRING,STRING,STRING,STRING,STRING,STRING,STRING,STRING,STRING,STRING,STRING,STRING,STRING,STRING,STRING,STRING
ID,成就名字,成就界面显示类别,成就描述,操作大类,操作子类,目标值,成就点数,获得绑定道具,道具数量,是否叠加,获得属性类型1,属性点数1,获得属性类型2,属性点数2,成就类别,地图名称,获得封号
100,传音入密,人脉,使用1次传音号角,使用道具,传音号角,1,5,,,,,,,,2,,
200,振聋发聩,人脉,使用10次传音号角,使用道具,传音号角,10,5,,,,,,,,2,,
300,大狮子吼,人脉,使用50次传音号角,使用道具,传音号角,50,5,,,,,,,,2,,
400,千里传音,人脉,使用200次传音号角,使用道具,传音号角,200,5,,,,,,,,2,,
500,萍水相逢,人脉,拥有1个好友,达标,好友,1,5,,,,,,,,2,,
600,左右逢源,人脉,拥有10个好友,达标,好友,10,5,,,,,,,,2,,
700,高朋满座,人脉,拥有50个好友,达标,好友,50,5,,,,,,,,2,,
800,三教九流,人脉,加入1个行会,加入行会,ANY,1,5,,,,,,,,2,,
900,百年好合,人脉,完成结婚,结婚,ANY,1,5,,,,,,,,2,,
1000,义结金兰,人脉,完成结义,结义,ANY,1,5,,,,,,,,2,,
1100,萍水相逢,人脉,与一个玩家的友好度达到100点,达标,友好度,100,5,,,,,,,,2,,
1200,君子之交,人脉,与一个玩家的友好度达到200点,达标,友好度,200,5,,,,,,,,2,,
1300,相见恨晚,人脉,与一个玩家的友好度达到500点,达标,友好度,500,5,,,,,,,,2,,
1400,策马同游,人脉,与一个玩家的友好度达到1000点,达标,友好度,1000,5,,,,,,,,2,,
1500,肝胆相照,人脉,与一个玩家的友好度达到2000点,达标,友好度,2000,5,,,,,,,,2,,
1600,金兰之契,人脉,与一个玩家的友好度达到5000点,达标,友好度,5000,5,,,,,,,,2,,
1700,莫逆之交,人脉,与一个玩家的友好度达到10000点,达标,友好度,10000,5,,,,,,,,2,,
1800,生死不离,人脉,与一个玩家的友好度达到20000点,达标,友好度,20000,5,,,,,,,,2,,
1900,山盟海誓,人脉,与一个玩家的友好度达到50000点,达标,友好度,50000,5,,,,,,,,2,,
2000,海枯石烂,人脉,与一个玩家的友好度达到100000点,达标,友好度,100000,5,,,,,,,,2,,
2100,萍水相逢·结义,人脉,与4个玩家的友好度达到100点,达标,4人友好度,100,5,,,,,,,,2,,
2200,君子之交·结义,人脉,与4个玩家的友好度达到200点,达标,4人友好度,200,5,,,,,,,,2,,
2300,相见恨晚·结义,人脉,与4个玩家的友好度达到500点,达标,4人友好度,500,5,,,,,,,,2,,
2400,策马同游·结义,人脉,与4个玩家的友好度达到1000点,达标,4人友好度,1000,5,,,,,,,,2,,
2500,肝胆相照·结义,人脉,与4个玩家的友好度达到2000点,达标,4人友好度,2000,5,,,,,,,,2,,
2600,金兰之契·结义,人脉,与4个玩家的友好度达到5000点,达标,4人友好度,5000,5,,,,,,,,2,,
2700,莫逆之交·结义,人脉,与4个玩家的友好度达到10000点,达标,4人友好度,10000,5,,,,,,,,2,,
2800,生死不离·结义,人脉,与4个玩家的友好度达到20000点,达标,4人友好度,20000,5,,,,,,,,2,,
2900,山盟海誓·结义,人脉,与4个玩家的友好度达到50000点,达标,4人友好度,50000,5,,,,,,,,2,,
3000,海枯石烂·结义,人脉,与4个玩家的友好度达到100000点,达标,4人友好度,100000,5,,,,,,,,2,,
3100,登堂入室,综合,主体达到50级,达标,主体等级,50,5,,,,,,,,2,,
3200,出入由心,综合,主体达到60级,达标,主体等级,60,5,,,,,,,,2,,
3300,天地造化,综合,主体达到71级,达标,主体等级,71,5,,,,,,,,2,,
3400,悟道玄妙,综合,主体达到天人一重,达标,主体等级,72,5,,,,,,,,2,,
3500,生死轮回,综合,主体达到天人九十九重,达标,主体等级,170,5,,,,,,,,2,,
3600,顿悟解脱,综合,主体达到天仙一重,达标,主体等级,171,5,,,,,,,,2,,
3700,上德无为,综合,主体达到天仙九十九重,达标,主体等级,269,5,,,,,,,,2,,
3800,登堂入室·元神,综合,元神达到50级,达标,元神等级,50,5,,,,,,,,2,,
3900,出入由心·元神,综合,元神达到60级,达标,元神等级,60,5,,,,,,,,2,,
4000,天地造化·元神,综合,元神达到71级,达标,元神等级,71,5,,,,,,,,2,,
4100,悟道玄妙·元神,综合,元神达到天人一重,达标,元神等级,72,5,,,,,,,,2,,
4200,生死轮回·元神,综合,元神达到天人九十九重,达标,元神等级,170,5,,,,,,,,2,,
4300,顿悟解脱·元神,综合,元神达到天仙一重,达标,元神等级,171,5,,,,,,,,2,,
4400,上德无为·元神,综合,元神达到天仙九十九重,达标,元神等级,269,5,,,,,,,,2,,
4500,一帆风顺,装备,使用1次祝福神油,使用道具,祝福神油,1,5,,,,,,,,2,,
4600,十全十美,装备,使用10次祝福神油,使用道具,祝福神油,10,5,,,,,,,,2,,
4700,百炼成钢,装备,使用100次祝福神油,使用道具,祝福神油,100,5,,,,,,,,2,,
4800,千载难逢,装备,使用1000次祝福神油,使用道具,祝福神油,1000,5,,,,,,,,2,,
4900,万事大吉,装备,使用10000次祝福神油,使用道具,祝福神油,10000,5,,,,,,,,2,,
5000,活跃菜鸟,活动,活跃度达到100点1次,活跃度达标,ANY,1,5,,,,,,,,2,,
5100,活跃新秀,活动,活跃度达到100点5次,活跃度达标,ANY,5,5,,,,,,,,2,,
5200,活跃老手,活动,活跃度达到100点10次,活跃度达标,ANY,10,5,,,,,,,,2,,
5300,活跃先锋,活动,活跃度达到100点20次,活跃度达标,ANY,20,5,,,,,,,,2,,
5400,活跃高手,活动,活跃度达到100点50次,活跃度达标,ANY,50,5,,,,,,,,2,,
5500,活跃专家,活动,活跃度达到100点100次,活跃度达标,ANY,100,5,,,,,,,,2,,
5600,活跃大师,活动,活跃度达到100点200次,活跃度达标,ANY,200,5,,,,,,,,2,,
5700,活跃宗师,活动,活跃度达到100点300次,活跃度达标,ANY,300,5,,,,,,,,2,,
5800,活跃权威,活动,活跃度达到100点500次,活跃度达标,ANY,500,5,,,,,,,,2,,
5900,活跃王者,活动,活跃度达到100点1000次,活跃度达标,ANY,1000,5,,,,,,,,2,,
6000,满载而归(一),综合,扩充1格包裹,扩充包裹,ANY,1,5,,,,,,,,2,,
6100,满载而归(二),综合,扩充5格包裹,扩充包裹,ANY,5,5,,,,,,,,2,,
6200,满载而归(三),综合,扩充10格包裹,扩充包裹,ANY,10,5,,,,,,,,2,,
6300,满载而归(四),综合,扩充20格包裹,扩充包裹,ANY,20,5,,,,,,,,2,,
6400,满载而归(五),综合,扩充30格包裹,扩充包裹,ANY,30,5,,,,,,,,2,,
6500,满载而归(六),综合,扩充40格包裹,扩充包裹,ANY,40,5,,,,,,,,2,,
6600,满载而归(七),综合,扩充50格包裹,扩充包裹,ANY,50,5,,,,,,,,2,,
6700,满载而归(八),综合,扩充60格包裹,扩充包裹,ANY,60,5,,,,,,,,2,,
6800,锦衣玉食(一),综合,扩充1格仓库,扩充仓库,ANY,1,5,,,,,,,,2,,
6900,锦衣玉食(二),综合,扩充5格仓库,扩充仓库,ANY,5,5,,,,,,,,2,,
7000,锦衣玉食(三),综合,扩充10格仓库,扩充仓库,ANY,10,5,,,,,,,,2,,
7100,锦衣玉食(四),综合,扩充20格仓库,扩充仓库,ANY,20,5,,,,,,,,2,,
7200,锦衣玉食(五),综合,扩充30格仓库,扩充仓库,ANY,30,5,,,,,,,,2,,
7300,锦衣玉食(六),综合,扩充40格仓库,扩充仓库,ANY,40,5,,,,,,,,2,,
7400,锦衣玉食(七),综合,扩充50格仓库,扩充仓库,ANY,50,5,,,,,,,,2,,
7500,锦衣玉食(八),综合,扩充60格仓库,扩充仓库,ANY,60,5,,,,,,,,2,,
7600,宝盒终结者,活动,开启1次落霞宝盒,使用道具,宝盒901,1,5,,,,,,,,2,,
7700,首开纪录,综合,第1次完成任务,完成任务,ANY,1,5,,,,,,,,2,,
7800,任务新秀,综合,完成10个任务,完成任务,ANY,10,5,,,,,,,,2,,
7900,任务老手,综合,完成20个任务,完成任务,ANY,20,5,,,,,,,,2,,
8000,任务先锋,综合,完成50个任务,完成任务,ANY,50,5,,,,,,,,2,,
8100,任务高手,综合,完成100个任务,完成任务,ANY,100,5,,,,,,,,2,,
8200,任务专家,综合,完成200个任务,完成任务,ANY,200,5,,,,,,,,2,,
8300,任务大师,综合,完成500个任务,完成任务,ANY,500,5,,,,,,,,2,,
8400,任务宗师,综合,完成1000个任务,完成任务,ANY,1000,5,,,,,,,,2,,
8500,任务权威,综合,完成2000个任务,完成任务,ANY,2000,5,,,,,,,,2,,
8600,任务王者,综合,完成5000个任务,完成任务,ANY,5000,5,,,,,,,,2,,
8700,探索矿洞,综合,探索矿洞内所有地图,进入如下地图,T011;T012;T013;L004,,5,,,,,,,,3,矿区入口;南部矿石运输站;北部矿石运输站;尸王殿,
8800,探索机关洞,综合,探索机关洞内所有地图,进入如下地图,M010;M016;M025;M018,,5,,,,,,,,3,工坊大厅一;中转厅一;角斗场;中枢大殿,
8900,探索将军坟,综合,探索将军坟内所有地图,进入如下地图,H071;H081;H072;H073;H074,,5,,,,,,,,3,将军坟一层;将军坟东一层;将军坟二层;将军坟三层;将军殿,
9000,探索逆魔古刹,综合,探索逆魔古刹内所有地图,进入如下地图,S011;S013;S016;S018;S026,,5,,,,,,,,3,逆魔古刹一层;逆魔古刹二层;逆魔古刹三层;逆魔古刹四层;逆魔大殿,
9100,探索蛇魔殿,综合,探索蛇魔殿内所有地图,进入如下地图,N001;N002;N003;N008,,5,,,,,,,,3,地穴一层;地穴二层;地穴三层;五蛇殿,
9200,探索禁地,综合,探索禁地内所有地图,进入如下地图,J001;J002;J003;J004;J005;J006;J007;J008;J009;J010;J011;J012,,5,,,,,,,,3,禁地之门;招月池;寒冰走廊;冰石之地;青玉宫;生死门;九不回;黑暗轮回;尸上行;魔穴;结界;封印之地,
9300,尸王挑战者,PVE,去尸王殿击败1次尸王,击杀怪物,尸王9;尸王29;尸王39,1,5,,,,,,,,2,,
9400,尸王扫荡者,PVE,去尸王殿击败5次尸王,击杀怪物,尸王9;尸王29;尸王39,5,5,,,,,,,,2,,
9500,尸王猎杀者,PVE,去尸王殿击败20次尸王,击杀怪物,尸王9;尸王29;尸王39,20,5,,,,,,,,2,,
9600,尸王终结者,PVE,去尸王殿击败100次尸王,击杀怪物,尸王9;尸王29;尸王39,100,5,,,,,,,,2,,
9700,机关巨兽挑战者,PVE,去中枢大殿击败1次机关巨兽,击杀怪物,机关巨兽,1,5,,,,,,,,2,,
9800,机关巨兽扫荡者,PVE,去中枢大殿击败5次机关巨兽,击杀怪物,机关巨兽,5,5,,,,,,,,2,,
9900,机关巨兽猎杀者,PVE,去中枢大殿击败20次机关巨兽,击杀怪物,机关巨兽,20,5,,,,,,,,2,,
10000,机关巨兽终结者,PVE,去中枢大殿击败100次机关巨兽,击杀怪物,机关巨兽,100,5,,,,,,,,2,,
10100,尸霸挑战者,PVE,去将军殿击败1次尸霸,击杀怪物,尸霸,1,5,,,,,,,,2,,
10200,尸霸扫荡者,PVE,去将军殿击败5次尸霸,击杀怪物,尸霸,5,5,,,,,,,,2,,
10300,尸霸猎杀者,PVE,去将军殿击败20次尸霸,击杀怪物,尸霸,20,5,,,,,,,,2,,
10400,尸霸终结者,PVE,去将军殿击败100次尸霸,击杀怪物,尸霸,100,5,,,,,,,,2,,
10500,三头蛇王挑战者,PVE,去五蛇殿击败1次三头蛇王,击杀怪物,三头蛇王,1,5,,,,,,,,2,,
10600,三头蛇王扫荡者,PVE,去五蛇殿击败5次三头蛇王,击杀怪物,三头蛇王,5,5,,,,,,,,2,,
10700,三头蛇王猎杀者,PVE,去五蛇殿击败20次三头蛇王,击杀怪物,三头蛇王,20,5,,,,,,,,2,,
10800,三头蛇王终结者,PVE,去五蛇殿击败100次三头蛇王,击杀怪物,三头蛇王,100,5,,,,,,,,2,,
10900,逆魔挑战者,PVE,去逆魔大殿击败1次逆魔,击杀怪物,逆魔A,1,5,,,,,,,,2,,
11000,逆魔扫荡者,PVE,去逆魔大殿击败5次逆魔,击杀怪物,逆魔A,5,5,,,,,,,,2,,
11100,逆魔猎杀者,PVE,去逆魔大殿击败20次逆魔,击杀怪物,逆魔A,20,5,,,,,,,,2,,
11200,逆魔终结者,PVE,去逆魔大殿击败100次逆魔,击杀怪物,逆魔A,100,5,,,,,,,,2,,
11300,禁地魔王挑战者,PVE,去魔穴击败1次禁地魔王,击杀怪物,禁地魔王,1,5,,,,,,,,2,,
11400,禁地魔王扫荡者,PVE,去魔穴击败5次禁地魔王,击杀怪物,禁地魔王,5,5,,,,,,,,2,,
11500,禁地魔王猎杀者,PVE,去魔穴击败20次禁地魔王,击杀怪物,禁地魔王,20,5,,,,,,,,2,,
11600,禁地魔王终结者,PVE,去魔穴击败100次禁地魔王,击杀怪物,禁地魔王,100,5,,,,,,,,2,,
11700,第一滴血,PVP,行会战时击败1个敌对玩家,击杀玩家,敌对行会,1,5,,,,,,,,1,,
11800,大杀特杀,PVP,行会战时击败5个敌对玩家,击杀玩家,敌对行会,5,5,,,,,,,,2,,
11900,暴走,PVP,行会战时击败10个敌对玩家,击杀玩家,敌对行会,10,5,,,,,,,,2,,
12000,无人可挡,PVP,行会战时击败50个敌对玩家,击杀玩家,敌对行会,50,5,,,,,,,,2,,
12100,主宰比赛,PVP,行会战时击败100个敌对玩家,击杀玩家,敌对行会,100,5,,,,,,,,2,,
12200,像神一样,PVP,行会战时击败500个敌对玩家,击杀玩家,敌对行会,500,5,,,,,,,,2,,
12300,超神,PVP,行会战时击败1000个敌对玩家,击杀玩家,敌对行会,1000,5,,,,,,,,2,,
12400,制霸天下,PVP,成为沙城城主,成为沙城城主,ANY,,5,,,,,,,,1,,
12500,望而生畏,PVP,成为沙城行会成员,成为沙城行会会员,ANY,,5,,,,,,,,1,,
12600,劫富济贫-雷霆怒斩,PVP,击败玩家掉落一把雷霆怒斩,杀人爆物,雷霆怒斩,1,5,,,,,,,,2,,
12700,劫富济贫-雷霆怒斩,PVP,击败玩家掉落5把雷霆怒斩,杀人爆物,雷霆怒斩,5,5,,,,,,,,2,,
12800,劫富济贫-雷霆怒斩,PVP,击败玩家掉落10把雷霆怒斩,杀人爆物,雷霆怒斩,10,5,,,,,,,,2,,
12900,劫富济贫-龙牙利刃,PVP,击败玩家掉落一把龙牙利刃,杀人爆物,龙牙利刃,1,5,,,,,,,,2,,
13000,劫富济贫-龙牙利刃,PVP,击败玩家掉落5把龙牙利刃,杀人爆物,龙牙利刃,5,5,,,,,,,,2,,
13100,劫富济贫-龙牙利刃,PVP,击败玩家掉落10把龙牙利刃,杀人爆物,龙牙利刃,10,5,,,,,,,,2,,
13200,劫富济贫-逍遥无极扇,PVP,击败玩家掉落一把逍遥无极扇,杀人爆物,逍遥无极扇,1,5,,,,,,,,2,,
13300,劫富济贫-逍遥无极扇,PVP,击败玩家掉落5把逍遥无极扇,杀人爆物,逍遥无极扇,5,5,,,,,,,,2,,
13400,劫富济贫-逍遥无极扇,PVP,击败玩家掉落10把逍遥无极扇,杀人爆物,逍遥无极扇,10,5,,,,,,,,2,,
13500,劫富济贫-赤明天帝,PVP,击败玩家掉落一把赤明天帝,杀人爆物,赤明天帝,1,5,,,,,,,,2,,
13600,劫富济贫-赤明天帝,PVP,击败玩家掉落5把赤明天帝,杀人爆物,赤明天帝,5,5,,,,,,,,2,,
13700,劫富济贫-赤明天帝,PVP,击败玩家掉落10把赤明天帝,杀人爆物,赤明天帝,10,5,,,,,,,,2,,
13800,劫富济贫-紫月圣君,PVP,击败玩家掉落一把紫月圣君,杀人爆物,紫月圣君,1,5,,,,,,,,2,,
13900,劫富济贫-紫月圣君,PVP,击败玩家掉落5把紫月圣君,杀人爆物,紫月圣君,5,5,,,,,,,,2,,
14000,劫富济贫-紫月圣君,PVP,击败玩家掉落10把紫月圣君,杀人爆物,紫月圣君,10,5,,,,,,,,2,,
14100,劫富济贫-耀阳圣尊,PVP,击败玩家掉落一把耀阳圣尊,杀人爆物,耀阳圣尊,1,5,,,,,,,,2,,
14200,劫富济贫-耀阳圣尊,PVP,击败玩家掉落5把耀阳圣尊,杀人爆物,耀阳圣尊,5,5,,,,,,,,2,,
14300,劫富济贫-耀阳圣尊,PVP,击败玩家掉落10把耀阳圣尊,杀人爆物,耀阳圣尊,10,5,,,,,,,,2,,
14400,劫富济贫-神武,PVP,击败玩家掉落一套神武装备,杀人掉落套装,神武戒指;神武手镯;神武头盔;神武项链;神武腰带;神武战靴,1,5,,,,,,,,3,神武戒指;神武手镯;神武头盔;神武项链;神武腰带;神武战靴,
14500,劫富济贫-幻魔,PVP,击败玩家掉落一套幻魔装备,杀人掉落套装,幻魔戒指;幻魔手镯;幻魔头盔;幻魔项链;幻魔腰带;幻魔法靴,1,5,,,,,,,,3,幻魔戒指;幻魔手镯;幻魔头盔;幻魔项链;幻魔腰带;幻魔法靴,
14600,劫富济贫-天玄,PVP,击败玩家掉落一套天玄装备,杀人掉落套装,天玄戒指;天玄手镯;天玄头盔;天玄项链;天玄腰带;天玄道靴,1,5,,,,,,,,3,天玄戒指;天玄手镯;天玄头盔;天玄项链;天玄腰带;天玄道靴,
14700,劫富济贫-战神,PVP,击败玩家掉落一套战神装备,杀人掉落套装,战神戒指;战神手镯;战神头盔;战神项链;战神腰带;战神靴子,1,5,,,,,,,,3,战神戒指;战神手镯;战神头盔;战神项链;战神腰带;战神靴子,
14800,劫富济贫-魔神,PVP,击败玩家掉落一套魔神装备,杀人掉落套装,魔神戒指;魔神手镯;魔神头盔;魔神项链;魔神腰带;魔神靴子,1,5,,,,,,,,3,魔神戒指;魔神手镯;魔神头盔;魔神项链;魔神腰带;魔神靴子,
14900,劫富济贫-道神,PVP,击败玩家掉落一套道神装备,杀人掉落套装,道神戒指;道神手镯;道神头盔;道神项链;道神腰带;道神靴子,1,5,,,,,,,,3,道神戒指;道神手镯;道神头盔;道神项链;道神腰带;道神靴子,
15000,劫富济贫-血煞,PVP,击败玩家掉落一套血煞装备,杀人掉落套装,血煞戒指;血煞手镯;血煞头盔;血煞项链;血煞腰带;血煞靴子,1,5,,,,,,,,3,血煞戒指;血煞手镯;血煞头盔;血煞项链;血煞腰带;血煞靴子,
15100,劫富济贫-魔雷,PVP,击败玩家掉落一套魔雷装备,杀人掉落套装,魔雷戒指;魔雷手镯;魔雷头盔;魔雷项链;魔雷腰带;魔雷靴子,1,5,,,,,,,,3,魔雷戒指;魔雷手镯;魔雷头盔;魔雷项链;魔雷腰带;魔雷靴子,
15200,劫富济贫-幽泉,PVP,击败玩家掉落一套幽泉装备,杀人掉落套装,幽泉戒指;幽泉手镯;幽泉头盔;幽泉项链;幽泉腰带;幽泉靴子,1,5,,,,,,,,3,幽泉戒指;幽泉手镯;幽泉头盔;幽泉项链;幽泉腰带;幽泉靴子,
15300,劫富济贫-蟠龙傲天,PVP,击败玩家掉落一套蟠龙傲天装备,杀人掉落套装,蟠龙傲天戒;蟠龙傲天镯;蟠龙傲天盔;蟠龙傲天链;蟠龙傲天带;蟠龙傲天靴,1,5,,,,,,,,3,蟠龙傲天戒;蟠龙傲天镯;蟠龙傲天盔;蟠龙傲天链;蟠龙傲天带;蟠龙傲天靴,
15400,劫富济贫-蟠龙幻天,PVP,击败玩家掉落一套蟠龙幻天装备,杀人掉落套装,蟠龙幻天戒;蟠龙幻天镯;蟠龙幻天盔;蟠龙幻天链;蟠龙幻天带;蟠龙幻天靴,1,5,,,,,,,,3,蟠龙幻天戒;蟠龙幻天镯;蟠龙幻天盔;蟠龙幻天链;蟠龙幻天带;蟠龙幻天靴,
15500,劫富济贫-蟠龙玄天,PVP,击败玩家掉落一套蟠龙玄天装备,杀人掉落套装,蟠龙玄天戒;蟠龙玄天镯;蟠龙玄天盔;蟠龙玄天链;蟠龙玄天带;蟠龙玄天靴,1,5,,,,,,,,3,蟠龙玄天戒;蟠龙玄天镯;蟠龙玄天盔;蟠龙玄天链;蟠龙玄天带;蟠龙玄天靴,
15600,劫富济贫-圣天,PVP,击败玩家掉落一套圣天装备,杀人掉落套装,圣天戒指;圣天手镯;圣天头盔;圣天项链;圣天腰带;圣天靴子,1,5,,,,,,,,3,圣天戒指;圣天手镯;圣天头盔;圣天项链;圣天腰带;圣天靴子,
15700,劫富济贫-圣魔,PVP,击败玩家掉落一套圣魔装备,杀人掉落套装,圣魔戒指;圣魔手镯;圣魔头盔;圣魔项链;圣魔腰带;圣魔靴子,1,5,,,,,,,,3,圣魔戒指;圣魔手镯;圣魔头盔;圣魔项链;圣魔腰带;圣魔靴子,
15800,劫富济贫-圣道,PVP,击败玩家掉落一套圣道装备,杀人掉落套装,圣道戒指;圣道手镯;圣道头盔;圣道项链;圣道腰带;圣道靴子,1,5,,,,,,,,3,圣道戒指;圣道手镯;圣道头盔;圣道项链;圣道腰带;圣道靴子,
15900,火烈鸟猎人,PVE,去通天之路击败500只火烈鸟,击杀怪物,火烈鸟20,500,5,,,,,,,,2,,
16000,火烈鸟克星,PVE,去通天之路击败2000只火烈鸟,击杀怪物,火烈鸟20,2000,5,,,,,,,,2,,
16100,火烈鸟终结者,PVE,去通天之路击败10000只火烈鸟,击杀怪物,火烈鸟20,10000,5,,,,,,,,2,,
16200,铁翼魔猎人,PVE,去禁地魔窟击败500只铁翼魔,击杀怪物,铁翼魔20,500,5,,,,,,,,2,,
16300,铁翼魔克星,PVE,去禁地魔窟击败2000只铁翼魔,击杀怪物,铁翼魔20,2000,5,,,,,,,,2,,
16400,铁翼魔终结者,PVE,去禁地魔窟击败10000只铁翼魔,击杀怪物,铁翼魔20,10000,5,,,,,,,,2,,
16500,逆魔雕像猎人,PVE,去逆魔迷宫击败500只逆魔雕像,击杀怪物,逆魔雕像70A;逆魔雕像71A;逆魔雕像72A;逆魔雕像73A,500,5,,,,,,,,2,,
16600,逆魔雕像克星,PVE,去逆魔迷宫击败2000只逆魔雕像,击杀怪物,逆魔雕像70A;逆魔雕像71A;逆魔雕像72A;逆魔雕像73A,2000,5,,,,,,,,2,,
16700,逆魔雕像终结者,PVE,去逆魔迷宫击败10000只逆魔雕像,击杀怪物,逆魔雕像70A;逆魔雕像71A;逆魔雕像72A;逆魔雕像73A,10000,5,,,,,,,,2,,
16800,地火兽弓箭手猎人,PVE,去堕落之地击败500只火烈鸟,击杀怪物,地火兽弓箭手20,500,5,,,,,,,,2,,
16900,地火兽弓箭手克星,PVE,去堕落之地击败2000只火烈鸟,击杀怪物,地火兽弓箭手20,2000,5,,,,,,,,2,,
17000,地火兽弓箭手终结者,PVE,去堕落之地击败10000只火烈鸟,击杀怪物,地火兽弓箭手20,10000,5,,,,,,,,2,,
17100,尸卫猎人,PVE,去极寒冰原击败500只尸卫,击杀怪物,尸卫55;尸卫56;尸卫65;尸卫66;尸卫60,500,5,,,,,,,,2,,
17200,尸卫克星,PVE,去极寒冰原击败2000只尸卫,击杀怪物,尸卫55;尸卫56;尸卫65;尸卫66;尸卫60,2000,5,,,,,,,,2,,
17300,尸卫终结者,PVE,去极寒冰原击败10000只尸卫,击杀怪物,尸卫55;尸卫56;尸卫65;尸卫66;尸卫60,10000,5,,,,,,,,2,,
17400,双头暴熊猎人,PVE,去凌霄天界击败500只双头暴熊,击杀怪物,双头暴熊817,500,5,,,,,,,,2,,
17500,双头暴熊克星,PVE,去凌霄天界击败2000只双头暴熊,击杀怪物,双头暴熊817,2000,5,,,,,,,,2,,
17600,双头暴熊终结者,PVE,去凌霄天界击败10000只双头暴熊,击杀怪物,双头暴熊817,10000,5,,,,,,,,2,,
17700,遗忘勇者猎人,PVE,去幽暗海域击败500只遗忘勇者,击杀怪物,遗忘勇者9,500,5,,,,,,,,2,,
17800,遗忘勇者克星,PVE,去幽暗海域击败2000只遗忘勇者,击杀怪物,遗忘勇者9,2000,5,,,,,,,,2,,
17900,遗忘勇者终结者,PVE,去幽暗海域击败10000只遗忘勇者,击杀怪物,遗忘勇者9,10000,5,,,,,,,,2,,
18000,遗忘傀儡猎人,PVE,去失落沉船击败500只遗忘傀儡,击杀怪物,遗忘傀儡9,500,5,,,,,,,,2,,
18100,遗忘傀儡克星,PVE,去失落沉船击败2000只遗忘傀儡,击杀怪物,遗忘傀儡9,2000,5,,,,,,,,2,,
18200,遗忘傀儡终结者,PVE,去失落沉船击败10000只遗忘傀儡,击杀怪物,遗忘傀儡9,10000,5,,,,,,,,2,,
18300,海妖法师猎人,PVE,去海底遗迹击败500只海妖法师,击杀怪物,海妖法师10;海妖法师20,500,5,,,,,,,,2,,
18400,海妖法师克星,PVE,去海底遗迹击败2000只海妖法师,击杀怪物,海妖法师10;海妖法师20,2000,5,,,,,,,,2,,
18500,海妖法师终结者,PVE,去海底遗迹击败10000只海妖法师,击杀怪物,海妖法师10;海妖法师20,10000,5,,,,,,,,2,,
18600,地狱奴猎人,PVE,去桃园击败500只地狱奴,击杀怪物,地狱奴50,500,5,,,,,,,,2,,
18700,地狱奴克星,PVE,去桃园击败2000只地狱奴,击杀怪物,地狱奴50,2000,5,,,,,,,,2,,
18800,地狱奴终结者,PVE,去桃园击败10000只地狱奴,击杀怪物,地狱奴50,10000,5,,,,,,,,2,,
18900,逆鳞勇士猎人,PVE,去霸州击败500只逆鳞勇士,击杀怪物,逆鳞勇士1,500,5,,,,,,,,2,,
19000,逆鳞勇士克星,PVE,去霸州击败2000只逆鳞勇士,击杀怪物,逆鳞勇士1,2000,5,,,,,,,,2,,
19100,逆鳞勇士终结者,PVE,去霸州击败10000只逆鳞勇士,击杀怪物,逆鳞勇士1,10000,5,,,,,,,,2,,
19200,魔焰蜘蛛猎人,PVE,击败500只魔焰蜘蛛,击杀怪物,魔焰蜘蛛21;魔焰蜘蛛22,500,5,,,,,,,,2,,
19300,魔焰蜘蛛克星,PVE,击败2000只魔焰蜘蛛,击杀怪物,魔焰蜘蛛21;魔焰蜘蛛22,2000,5,,,,,,,,2,,
19400,魔焰蜘蛛终结者,PVE,击败10000只魔焰蜘蛛,击杀怪物,魔焰蜘蛛21;魔焰蜘蛛22,10000,5,,,,,,,,2,,
19500,铁血锤兵猎人,PVE,击败500只铁血锤兵,击杀怪物,铁血锤兵22;铁血锤兵32;铁血锤兵33;铁血锤兵34,500,5,,,,,,,,2,,
19600,铁血锤兵克星,PVE,击败2000只铁血锤兵,击杀怪物,铁血锤兵22;铁血锤兵32;铁血锤兵33;铁血锤兵34,2000,5,,,,,,,,2,,
19700,铁血锤兵终结者,PVE,击败10000只铁血锤兵,击杀怪物,铁血锤兵22;铁血锤兵32;铁血锤兵33;铁血锤兵34,10000,5,,,,,,,,2,,
19800,铁血战士猎人,PVE,击败500只铁血战士,击杀怪物,铁血战士22;铁血战士32;铁血战士33;铁血战士34,500,5,,,,,,,,2,,
19900,铁血战士克星,PVE,击败2000只铁血战士,击杀怪物,铁血战士22;铁血战士32;铁血战士33;铁血战士34,2000,5,,,,,,,,2,,
20000,铁血战士终结者,PVE,击败10000只铁血战士,击杀怪物,铁血战士22;铁血战士32;铁血战士33;铁血战士34,10000,5,,,,,,,,2,,
20100,铁血刺客猎人,PVE,击败500只铁血刺客,击杀怪物,铁血刺客22;铁血刺客32;铁血刺客33;铁血刺客34,500,5,,,,,,,,2,,
20200,铁血刺客克星,PVE,击败2000只铁血刺客,击杀怪物,铁血刺客22;铁血刺客32;铁血刺客33;铁血刺客34,2000,5,,,,,,,,2,,
20300,铁血刺客终结者,PVE,击败10000只铁血刺客,击杀怪物,铁血刺客22;铁血刺客32;铁血刺客33;铁血刺客34,10000,5,,,,,,,,2,,
20400,幽影武士猎人,PVE,击败500只幽影武士,击杀怪物,幽影武士34;幽影武士20;幽影武士21;幽影武士30;幽影武士31;幽影武士34;幽影武士2;幽影武士51,500,5,,,,,,,,2,,
20500,幽影武士克星,PVE,击败2000只幽影武士,击杀怪物,幽影武士34;幽影武士20;幽影武士21;幽影武士30;幽影武士31;幽影武士34;幽影武士2;幽影武士51,2000,5,,,,,,,,2,,
20600,幽影武士终结者,PVE,击败10000只幽影武士,击杀怪物,幽影武士34;幽影武士20;幽影武士21;幽影武士30;幽影武士31;幽影武士34;幽影武士2;幽影武士51,10000,5,,,,,,,,2,,
20700,天降横财-赤明天帝,PVE,打怪掉落一把赤明天帝,打怪掉落,赤明天帝,1,5,,,,,,,,2,,
20800,天降横财-赤明天帝,PVE,打怪掉落5把赤明天帝,打怪掉落,赤明天帝,5,5,,,,,,,,2,,
20900,天降横财-赤明天帝,PVE,打怪掉落10把赤明天帝,打怪掉落,赤明天帝,10,5,,,,,,,,2,,
21000,天降横财-紫月圣君,PVE,打怪掉落一把紫月圣君,打怪掉落,紫月圣君,1,5,,,,,,,,2,,
21100,天降横财-紫月圣君,PVE,打怪掉落5把紫月圣君,打怪掉落,紫月圣君,5,5,,,,,,,,2,,
21200,天降横财-紫月圣君,PVE,打怪掉落10把紫月圣君,打怪掉落,紫月圣君,10,5,,,,,,,,2,,
21300,天降横财-耀阳圣尊,PVE,打怪掉落一把耀阳圣尊,打怪掉落,耀阳圣尊,1,5,,,,,,,,2,,
21400,天降横财-耀阳圣尊,PVE,打怪掉落5把耀阳圣尊,打怪掉落,耀阳圣尊,5,5,,,,,,,,2,,
21500,天降横财-耀阳圣尊,PVE,打怪掉落10把耀阳圣尊,打怪掉落,耀阳圣尊,10,5,,,,,,,,2,,
21600,天降横财-无赦,PVE,打怪掉落一把无赦,打怪掉落,无赦,1,5,,,,,,,,2,,9
21700,天降横财-无赦,PVE,打怪掉落5把无赦,打怪掉落,无赦,5,5,,,,,,,,2,,
21800,天降横财-无赦,PVE,打怪掉落10把无赦,打怪掉落,无赦,10,5,,,,,,,,2,,
21900,天降横财-夺魄,PVE,打怪掉落一把夺魄,打怪掉落,夺魄,1,5,,,,,,,,2,,10
22000,天降横财-夺魄,PVE,打怪掉落5把夺魄,打怪掉落,夺魄,5,5,,,,,,,,2,,
22100,天降横财-夺魄,PVE,打怪掉落10把夺魄,打怪掉落,夺魄,10,5,,,,,,,,2,,
22200,天降横财-聚灵,PVE,打怪掉落一把聚灵,打怪掉落,聚灵,1,5,,,,,,,,2,,11
22300,天降横财-聚灵,PVE,打怪掉落5把聚灵,打怪掉落,聚灵,5,5,,,,,,,,2,,
22400,天降横财-聚灵,PVE,打怪掉落10把聚灵,打怪掉落,聚灵,10,5,,,,,,,,2,,
22500,天降横财-神武,PVE,打怪掉落一套神武装备,打怪掉落套装,神武戒指;神武手镯;神武头盔;神武项链;神武腰带;神武战靴,1,5,,,,,,,,3,神武戒指;神武手镯;神武头盔;神武项链;神武腰带;神武战靴,
22600,天降横财-幻魔,PVE,打怪掉落一套幻魔装备,打怪掉落套装,幻魔戒指;幻魔手镯;幻魔头盔;幻魔项链;幻魔腰带;幻魔法靴,1,5,,,,,,,,3,幻魔戒指;幻魔手镯;幻魔头盔;幻魔项链;幻魔腰带;幻魔法靴,
22700,天降横财-天玄,PVE,打怪掉落一套天玄装备,打怪掉落套装,天玄戒指;天玄手镯;天玄头盔;天玄项链;天玄腰带;天玄道靴,1,5,,,,,,,,3,天玄戒指;天玄手镯;天玄头盔;天玄项链;天玄腰带;天玄道靴,
22800,天降横财-战神,PVE,打怪掉落一套战神装备,打怪掉落套装,战神戒指;战神手镯;战神头盔;战神项链;战神腰带;战神靴子,1,5,,,,,,,,3,战神戒指;战神手镯;战神头盔;战神项链;战神腰带;战神靴子,
22900,天降横财-魔神,PVE,打怪掉落一套魔神装备,打怪掉落套装,魔神戒指;魔神手镯;魔神头盔;魔神项链;魔神腰带;魔神靴子,1,5,,,,,,,,3,魔神戒指;魔神手镯;魔神头盔;魔神项链;魔神腰带;魔神靴子,
23000,天降横财-道神,PVE,打怪掉落一套道神装备,打怪掉落套装,道神戒指;道神手镯;道神头盔;道神项链;道神腰带;道神靴子,1,5,,,,,,,,3,道神戒指;道神手镯;道神头盔;道神项链;道神腰带;道神靴子,
23100,天降横财-血煞,PVE,打怪掉落一套血煞装备,打怪掉落套装,血煞戒指;血煞手镯;血煞头盔;血煞项链;血煞腰带;血煞靴子,1,5,,,,,,,,3,血煞戒指;血煞手镯;血煞头盔;血煞项链;血煞腰带;血煞靴子,
23200,天降横财-魔雷,PVE,打怪掉落一套魔雷装备,打怪掉落套装,魔雷戒指;魔雷手镯;魔雷头盔;魔雷项链;魔雷腰带;魔雷靴子,1,5,,,,,,,,3,魔雷戒指;魔雷手镯;魔雷头盔;魔雷项链;魔雷腰带;魔雷靴子,
23300,天降横财-幽泉,PVE,打怪掉落一套幽泉装备,打怪掉落套装,幽泉戒指;幽泉手镯;幽泉头盔;幽泉项链;幽泉腰带;幽泉靴子,1,5,,,,,,,,3,幽泉戒指;幽泉手镯;幽泉头盔;幽泉项链;幽泉腰带;幽泉靴子,
23400,天降横财-蟠龙傲天,PVE,打怪掉落一套蟠龙傲天装备,打怪掉落套装,蟠龙傲天戒;蟠龙傲天镯;蟠龙傲天盔;蟠龙傲天链;蟠龙傲天带;蟠龙傲天靴,1,5,,,,,,,,3,蟠龙傲天戒;蟠龙傲天镯;蟠龙傲天盔;蟠龙傲天链;蟠龙傲天带;蟠龙傲天靴,
23500,天降横财-蟠龙幻天,PVE,打怪掉落一套蟠龙幻天装备,打怪掉落套装,蟠龙幻天戒;蟠龙幻天镯;蟠龙幻天盔;蟠龙幻天链;蟠龙幻天带;蟠龙幻天靴,1,5,,,,,,,,3,蟠龙幻天戒;蟠龙幻天镯;蟠龙幻天盔;蟠龙幻天链;蟠龙幻天带;蟠龙幻天靴,
23600,天降横财-蟠龙玄天,PVE,打怪掉落一套蟠龙玄天装备,打怪掉落套装,蟠龙玄天戒;蟠龙玄天镯;蟠龙玄天盔;蟠龙玄天链;蟠龙玄天带;蟠龙玄天靴,1,5,,,,,,,,3,蟠龙玄天戒;蟠龙玄天镯;蟠龙玄天盔;蟠龙玄天链;蟠龙玄天带;蟠龙玄天靴,
23700,天降横财-圣天,PVE,打怪掉落一套圣天装备,打怪掉落套装,圣天戒指;圣天手镯;圣天头盔;圣天项链;圣天腰带;圣天靴子,1,5,,,,,,,,3,圣天戒指;圣天手镯;圣天头盔;圣天项链;圣天腰带;圣天靴子,
23800,天降横财-圣魔,PVE,打怪掉落一套圣魔装备,打怪掉落套装,圣魔戒指;圣魔手镯;圣魔头盔;圣魔项链;圣魔腰带;圣魔靴子,1,5,,,,,,,,3,圣魔戒指;圣魔手镯;圣魔头盔;圣魔项链;圣魔腰带;圣魔靴子,
23900,天降横财-圣道,PVE,打怪掉落一套圣道装备,打怪掉落套装,圣道戒指;圣道手镯;圣道头盔;圣道项链;圣道腰带;圣道靴子,1,5,,,,,,,,3,圣道戒指;圣道手镯;圣道头盔;圣道项链;圣道腰带;圣道靴子,
24000,捉襟见肘,PVE,打怪掉落10000金币,打怪掉落,金币,10000,5,,,,,,,,2,,
24100,省吃俭用,PVE,打怪掉落100000金币,打怪掉落,金币,100000,5,,,,,,,,2,,
24200,小有积蓄,PVE,打怪掉落1000000金币,打怪掉落,金币,1000000,5,,,,,,,,2,,
24300,百忍成金,PVE,打怪掉落10000000金币,打怪掉落,金币,10000000,5,,,,,,,,2,,
24400,千金家财,PVE,打怪掉落100000000金币,打怪掉落,金币,100000000,5,,,,,,,,2,,
24500,腰缠万贯,PVE,打怪掉落1000000000金币,打怪掉落,金币,1000000000,5,,,,,,,,2,,
24600,金玉满堂,PVE,打怪掉落10000000000金币,打怪掉落,金币,2000000000,5,,,,,,,,2,,
24700,铜墙铁壁(一),装备,盾牌强化到两紫星,达标,盾牌升级,10,5,,,,,,,,2,,
24800,铜墙铁壁(二),装备,盾牌强化到三紫星,达标,盾牌升级,19,5,,,,,,,,2,,
24900,铜墙铁壁(三),装备,盾牌强化到四紫星,达标,盾牌升级,28,5,,,,,,,,2,,
25000,铜墙铁壁(四),装备,盾牌强化到五紫星,达标,盾牌升级,37,5,,,,,,,,2,,
25100,铜墙铁壁(五),装备,盾牌强化到六紫星,达标,盾牌升级,46,5,,,,,,,,2,,
25200,金石为开(一),装备,盾牌打开第一个孔,达标,盾牌打孔,1,5,,,,,,,,2,,
25300,金石为开(二),装备,盾牌打开第二个孔,达标,盾牌打孔,2,5,,,,,,,,2,,
25400,金石为开(三),装备,盾牌打开第三个孔,达标,盾牌打孔,3,5,,,,,,,,2,,
25500,金石为开(四),装备,盾牌打开第四个孔,达标,盾牌打孔,4,5,,,,,,,,2,,
25600,金石为开(五),装备,盾牌打开第五个孔,达标,盾牌打孔,5,5,,,,,,,,2,,
25700,能工巧匠(一),装备,进行1次盾牌宝石镶嵌,盾牌镶嵌,ANY,1,5,,,,,,,,2,,
25800,能工巧匠(二),装备,进行10次盾牌宝石镶嵌,盾牌镶嵌,ANY,10,5,,,,,,,,2,,
25900,能工巧匠(三),装备,进行50次盾牌宝石镶嵌,盾牌镶嵌,ANY,50,5,,,,,,,,2,,
26000,能工巧匠(四),装备,进行100次盾牌宝石镶嵌,盾牌镶嵌,ANY,100,5,,,,,,,,2,,
26100,能工巧匠(五),装备,进行200次盾牌宝石镶嵌,盾牌镶嵌,ANY,200,5,,,,,,,,2,,
26200,珠圆玉润(一),装备,进行1次盾牌宝石合成,盾牌宝石合成,ANY,1,5,,,,,,,,2,,
26300,珠圆玉润(二),装备,进行10次盾牌宝石合成,盾牌宝石合成,ANY,10,5,,,,,,,,2,,
26400,珠圆玉润(三),装备,进行50次盾牌宝石合成,盾牌宝石合成,ANY,50,5,,,,,,,,2,,
26500,珠圆玉润(四),装备,进行100次盾牌宝石合成,盾牌宝石合成,ANY,100,5,,,,,,,,2,,
26600,珠圆玉润(五),装备,进行200次盾牌宝石合成,盾牌宝石合成,ANY,200,5,,,,,,,,2,,
26700,流光溢彩(一),装备,进行1次盾牌宝石转换,盾牌宝石转换,ANY,1,5,,,,,,,,2,,
26800,流光溢彩(二),装备,进行10次盾牌宝石转换,盾牌宝石转换,ANY,10,5,,,,,,,,2,,
26900,流光溢彩(三),装备,进行50次盾牌宝石转换,盾牌宝石转换,ANY,50,5,,,,,,,,2,,
27000,流光溢彩(四),装备,进行100次盾牌宝石转换,盾牌宝石转换,ANY,100,5,,,,,,,,2,,
27100,流光溢彩(五),装备,进行200次盾牌宝石转换,盾牌宝石转换,ANY,200,5,,,,,,,,2,,
27200,神佑王者(一),装备,王者神佑升级到2级,达标,神佑升级,2,5,,,,,,,,2,,
27300,神佑王者(二),装备,王者神佑升级到5级,达标,神佑升级,5,5,,,,,,,,2,,
27400,神佑王者(三),装备,王者神佑升级到7级,达标,神佑升级,7,5,,,,,,,,2,,
27500,神佑王者(四),装备,王者神佑升级到9级,达标,神佑升级,9,5,,,,,,,,2,,
27600,神佑王者(五),装备,王者神佑升级到10级,达标,神佑升级,10,5,,,,,,,,2,,
27700,水晶祝福(一),装备,祝福水晶升级到2级,达标,水晶升级,2,5,,,,,,,,2,,
27800,水晶祝福(二),装备,祝福水晶升级到5级,达标,水晶升级,5,5,,,,,,,,2,,
27900,水晶祝福(三),装备,祝福水晶升级到7级,达标,水晶升级,7,5,,,,,,,,2,,
28000,水晶祝福(四),装备,祝福水晶升级到9级,达标,水晶升级,9,5,,,,,,,,2,,
28100,水晶祝福(五),装备,祝福水晶升级到10级,达标,水晶升级,10,5,,,,,,,,2,,
28200,荣耀宝石(一),装备,荣耀宝石升级到2级,达标,荣耀宝石升级,2,5,,,,,,,,2,,
28300,荣耀宝石(二),装备,荣耀宝石升级到5级,达标,荣耀宝石升级,5,5,,,,,,,,2,,
28400,荣耀宝石(三),装备,荣耀宝石升级到7级,达标,荣耀宝石升级,7,5,,,,,,,,2,,
28500,荣耀宝石(四),装备,荣耀宝石升级到9级,达标,荣耀宝石升级,9,5,,,,,,,,2,,
28600,荣耀宝石(五),装备,荣耀宝石升级到10级,达标,荣耀宝石升级,10,5,,,,,,,,2,,
28700,荣耀勋章(一),装备,荣耀勋章升级到2级,达标,荣耀勋章升级,2,5,,,,,,,,2,,
28800,荣耀勋章(二),装备,荣耀勋章升级到5级,达标,荣耀勋章升级,5,5,,,,,,,,2,,
28900,荣耀勋章(三),装备,荣耀勋章升级到7级,达标,荣耀勋章升级,7,5,,,,,,,,2,,
29000,荣耀勋章(四),装备,荣耀勋章升级到9级,达标,荣耀勋章升级,9,5,,,,,,,,2,,
29100,荣耀勋章(五),装备,荣耀勋章升级到10级,达标,荣耀勋章升级,10,5,,,,,,,,2,,
29200,神龙之力(一),装备,所有神龙之力升到1级,达标,神龙之力升级,1,5,,,,,,,,2,,
29300,神龙之力(二),装备,所有神龙之力升到2级,达标,神龙之力升级,2,5,,,,,,,,2,,
29400,神龙之力(三),装备,所有神龙之力升到3级,达标,神龙之力升级,3,5,,,,,,,,2,,
29500,神龙之力(四),装备,所有神龙之力升到4级,达标,神龙之力升级,4,5,,,,,,,,2,,
29600,神龙之力(五),装备,所有神龙之力升到5级,达标,神龙之力升级,5,5,,,,,,,,2,,
29700,神龙之力(六),装备,所有神龙之力升到6级,达标,神龙之力升级,6,5,,,,,,,,2,,
29800,神龙之力(七),装备,所有神龙之力升到7级,达标,神龙之力升级,7,5,,,,,,,,2,,
29900,神龙之力(八),装备,所有神龙之力升到8级,达标,神龙之力升级,8,5,,,,,,,,2,,
30000,神龙之力(九),装备,所有神龙之力升到9级,达标,神龙之力升级,9,5,,,,,,,,2,,
30100,神龙之力(十),装备,所有神龙之力升到10级,达标,神龙之力升级,10,5,,,,,,,,2,,
30200,军机新秀,活动,完成军机令任务1次,完成军机令任务,ANY,1,5,,,,,,,,2,,
30300,军机老手,活动,完成军机令任务10次,完成军机令任务,ANY,10,5,,,,,,,,2,,
30400,军机先锋,活动,完成军机令任务50次,完成军机令任务,ANY,50,5,,,,,,,,2,,
30500,军机高手,活动,完成军机令任务100次,完成军机令任务,ANY,100,5,,,,,,,,2,,
30600,军机专家,活动,完成军机令任务200次,完成军机令任务,ANY,200,5,,,,,,,,2,,
30700,精力充沛(一),综合,补充1点精力值,补充精力值,ANY,1,5,,,,,,,,2,,
30800,精力充沛(二),综合,补充100点精力值,补充精力值,ANY,100,5,,,,,,,,2,,
30900,精力充沛(三),综合,补充1000点精力值,补充精力值,ANY,1000,5,,,,,,,,2,,
31000,精力充沛(四),综合,补充10000点精力值,补充精力值,ANY,10000,5,,,,,,,,2,,
31100,精力充沛(五),综合,补充100000点精力值,补充精力值,ANY,100000,5,,,,,,,,2,,
31200,抚夷校尉,综合,主体军衔达到抚夷校尉,达标,主体军衔,10,5,,,,,,,,2,,
31300,远征先锋,综合,主体军衔达到远征先锋,达标,主体军衔,19,5,,,,,,,,2,,
31400,魔域护军,综合,主体军衔达到魔域护军,达标,主体军衔,28,5,,,,,,,,2,,
31500,铁血军侯,综合,主体军衔达到铁血军侯,达标,主体军衔,37,5,,,,,,,,2,,
31600,破军都尉,综合,主体军衔达到破军都尉,达标,主体军衔,46,5,,,,,,,,2,,
31700,游骑将军,综合,主体军衔达到游骑将军,达标,主体军衔,55,5,,,,,,,,2,,
31800,镇军将军,综合,主体军衔达到镇军将军,达标,主体军衔,64,5,,,,,,,,2,,
31900,大元帅,综合,主体军衔达到大元帅,达标,主体军衔,73,5,,,,,,,,2,,
32000,抚夷校尉·元神,综合,元神军衔达到抚夷校尉,达标,元神军衔,10,5,,,,,,,,2,,
32100,远征先锋·元神,综合,元神军衔达到远征先锋,达标,元神军衔,19,5,,,,,,,,2,,
32200,魔域护军·元神,综合,元神军衔达到魔域护军,达标,元神军衔,28,5,,,,,,,,2,,
32300,铁血军侯·元神,综合,元神军衔达到铁血军侯,达标,元神军衔,37,5,,,,,,,,2,,
32400,破军都尉·元神,综合,元神军衔达到破军都尉,达标,元神军衔,46,5,,,,,,,,2,,
32500,游骑将军·元神,综合,元神军衔达到游骑将军,达标,元神军衔,55,5,,,,,,,,2,,
32600,镇军将军·元神,综合,元神军衔达到镇军将军,达标,元神军衔,64,5,,,,,,,,2,,
32700,大元帅·元神,综合,元神军衔达到大元帅,达标,元神军衔,73,5,,,,,,,,2,,
32800,百兽园新秀,活动,参与百兽园1次,参与百兽园,ANY,1,5,,,,,,,,2,,
32900,百兽园老手,活动,参与百兽园100次,参与百兽园,ANY,100,5,,,,,,,,2,,
33000,百兽园先锋,活动,参与百兽园1000次,参与百兽园,ANY,1000,5,,,,,,,,2,,
33100,百兽园高手,活动,参与百兽园5000次,参与百兽园,ANY,5000,5,,,,,,,,2,,
33200,百兽园专家,活动,参与百兽园10000次,参与百兽园,ANY,10000,5,,,,,,,,2,,
33300,王城勇士,综合,购买王城勇士特权,达标,购买特权,1,5,,,,,,,,1,,
33400,荣耀战神,综合,购买荣耀战神特权,达标,购买特权,2,5,,,,,,,,1,,
33500,圣武天王,综合,购买圣武天王特权,达标,购买特权,3,5,,,,,,,,1,,
33600,至尊主宰,综合,购买至尊主宰特权,达标,购买特权,4,5,,,,,,,,1,,
33700,鬼斧神工(一),装备,将装备强化+1,达标,装备强化,1,5,,,,,,,,2,,
33800,鬼斧神工(二),装备,将装备强化+3,达标,装备强化,3,5,,,,,,,,2,,
33900,鬼斧神工(三),装备,将装备强化+5,达标,装备强化,5,5,,,,,,,,2,,
34000,鬼斧神工(四),装备,将装备强化+7,达标,装备强化,7,5,,,,,,,,2,,
34100,鬼斧神工(五),装备,将装备强化+10,达标,装备强化,10,5,,,,,,,,2,,
34200,登峰造极(一),综合,将技能提升到2级,达标,技能升级,2,5,,,,,,,,2,,
34300,登峰造极(二),综合,将技能提升到3级,达标,技能升级,3,5,,,,,,,,2,,
34400,登峰造极(三),综合,将技能提升到4级,达标,技能升级,4,5,,,,,,,,2,,
34500,活力无限(一),综合,补充1点活力值,活力值补充,ANY,1,5,,,,,,,,2,,
34600,活力无限(二),综合,补充100点活力值,活力值补充,ANY,100,5,,,,,,,,2,,
34700,活力无限(三),综合,补充1000点活力值,活力值补充,ANY,1000,5,,,,,,,,2,,
34800,活力无限(四),综合,补充10000点活力值,活力值补充,ANY,10000,5,,,,,,,,2,,
34900,活力无限(五),综合,补充100000点活力值,活力值补充,ANY,100000,5,,,,,,,,2,,
35000,驰骋天涯(一),综合,骑术等级到达5级,达标,骑术等级,5,5,,,,,,,,2,,
35100,驰骋天涯(二),综合,骑术等级到达10级,达标,骑术等级,10,5,,,,,,,,2,,
35200,驰骋天涯(三),综合,骑术等级到达20级,达标,骑术等级,20,5,,,,,,,,2,,
35300,驰骋天涯(四),综合,骑术等级到达50级,达标,骑术等级,50,5,,,,,,,,2,,
35400,偷天换日(一),装备,合成1件装备,合成装备,ANY,1,5,,,,,,,,2,,
35500,偷天换日(二),装备,合成10件装备,合成装备,ANY,10,5,,,,,,,,2,,
35600,偷天换日(三),装备,合成20件装备,合成装备,ANY,20,5,,,,,,,,2,,
35700,偷天换日(四),装备,合成50件装备,合成装备,ANY,50,5,,,,,,,,2,,
35800,偷天换日(五),装备,合成100件装备,合成装备,ANY,100,5,,,,,,,,2,,
35900,变废为宝(一),装备,回收1件装备,回收装备,ANY,1,5,,,,,,,,2,,
36000,变废为宝(二),装备,回收100件装备,回收装备,ANY,100,5,,,,,,,,2,,
36100,变废为宝(三),装备,回收1000件装备,回收装备,ANY,1000,5,,,,,,,,2,,
36200,变废为宝(四),装备,回收10000件装备,回收装备,ANY,10000,5,,,,,,,,2,,
36300,变废为宝(五),装备,回收100000件装备,回收装备,ANY,100000,5,,,,,,,,2,,
36400,炫彩中州(一),综合,收集1件装扮,激活装扮,ANY,1,5,,,,,,,,2,,
36500,炫彩中州(二),综合,收集5件装扮,激活装扮,ANY,5,5,,,,,,,,2,,
36600,藏宝图新秀,活动,参与藏宝图1次,参与藏宝图,ANY,1,5,,,,,,,,2,,
36700,藏宝图老手,活动,参与藏宝图100次,参与藏宝图,ANY,100,5,,,,,,,,2,,
36800,藏宝图先锋,活动,参与藏宝图1000次,参与藏宝图,ANY,1000,5,,,,,,,,2,,
36900,藏宝图高手,活动,参与藏宝图5000次,参与藏宝图,ANY,5000,5,,,,,,,,2,,
37000,藏宝图专家,活动,参与藏宝图10000次,参与藏宝图,ANY,10000,5,,,,,,,,2,,
37100,天元修士,综合,天元心法达到10级,达标,天元心法等级,10,5,,,,,,,,2,,
37200,天元武者,综合,天元心法达到20级,达标,天元心法等级,20,5,,,,,,,,2,,
37300,天元大师,综合,天元心法达到30级,达标,天元心法等级,30,5,,,,,,,,2,,
37400,天元宗师,综合,天元心法达到40级,达标,天元心法等级,40,5,,,,,,,,2,,
37500,天元圣者,综合,天元心法达到50级,达标,天元心法等级,50,5,,,,,,,,2,,
