ДжД§№­јэКЦ,204,188,217,5,2,1000
ДжД§КМОА,204,188,217,5,2,997
ДжД§ОАКї,204,188,217,5,2,994
ДжД§µсПс,204,188,217,5,2,991
ДжД§№­јэКЦ,204,197,212,6,2,988
ДжД§КМОА,204,197,212,6,2,985
ДжД§ОАКї,204,197,212,6,2,982
ДжД§µсПс,204,197,212,6,2,979
ДжД§№­јэКЦ,204,188,205,5,2,976
ДжД§КМОА,204,188,205,5,2,973
ДжД§ОАКї,204,188,205,5,2,970
ДжД§µсПс,204,188,205,5,2,967
ДжД§№­јэКЦ,204,194,199,6,2,964
ДжД§КМОА,204,194,199,6,2,961
ДжД§ОАКї,204,194,199,6,2,958
ДжД§µсПс,204,194,199,6,2,955
ДжД§№­јэКЦ,204,209,195,8,2,952
ДжД§КМОА,204,209,195,8,2,949
ДжД§ОАКї,204,209,195,8,2,946
ДжД§µсПс,204,209,195,8,2,943
ДжД§№­јэКЦ,204,212,205,7,2,940
ДжД§КМОА,204,212,205,7,2,937
ДжД§ОАКї,204,212,205,7,2,934
ДжД§µсПс,204,212,205,7,2,931
ДжД§№­јэКЦ,204,198,187,7,2,928
ДжД§КМОА,204,198,187,7,2,925
ДжД§ОАКї,204,198,187,7,2,922
ДжД§µсПс,204,198,187,7,2,919
ДжД§№­јэКЦ,204,219,182,6,2,916
ДжД§КМОА,204,219,182,6,2,913
ДжД§ОАКї,204,219,182,6,2,910
ДжД§µсПс,204,219,182,6,2,907
ДжД§№­јэКЦ,204,233,171,7,2,904
ДжД§КМОА,204,233,171,7,2,901
ДжД§ОАКї,204,233,171,7,2,898
ДжД§µсПс,204,233,171,7,2,895
ДжД§№­јэКЦ,204,244,158,6,2,892
ДжД§КМОА,204,244,158,6,2,889
ДжД§ОАКї,204,244,158,6,2,886
ДжД§µсПс,204,244,158,6,2,883
ДжД§№­јэКЦ,204,256,147,6,2,880
ДжД§КМОА,204,256,147,6,2,877
ДжД§ОАКї,204,256,147,6,2,874
ДжД§µсПс,204,256,147,6,2,871
ДжД§№­јэКЦ,204,265,136,6,2,868
ДжД§КМОА,204,265,136,6,2,865
ДжД§ОАКї,204,265,136,6,2,862
ДжД§µсПс,204,265,136,6,2,859
ДжД§№­јэКЦ,204,275,128,6,2,856
ДжД§КМОА,204,275,128,6,2,853
ДжД§ОАКї,204,275,128,6,2,850
ДжД§µсПс,204,275,128,6,2,847
ДжД§№­јэКЦ,204,284,142,4,2,844
ДжД§КМОА,204,284,142,4,2,841
ДжД§ОАКї,204,284,142,4,2,838
ДжД§µсПс,204,284,142,4,2,835
ДжД§№­јэКЦ,204,298,157,5,2,832
ДжД§КМОА,204,298,157,5,2,829
ДжД§ОАКї,204,298,157,5,2,826
ДжД§µсПс,204,298,157,5,2,823
ДжД§№­јэКЦ,204,310,169,5,2,820
ДжД§КМОА,204,310,169,5,2,817
ДжД§ОАКї,204,310,169,5,2,814
ДжД§µсПс,204,310,169,5,2,811
ДжД§№­јэКЦ,204,323,184,5,2,808
ДжД§КМОА,204,323,184,5,2,805
ДжД§ОАКї,204,323,184,5,2,802
ДжД§µсПс,204,323,184,5,2,799
ДжД§№­јэКЦ,204,331,198,5,2,796
ДжД§КМОА,204,331,198,5,2,793
ДжД§ОАКї,204,331,198,5,2,790
ДжД§µсПс,204,331,198,5,2,787
ДжД§№­јэКЦ,204,323,199,6,2,784
ДжД§КМОА,204,323,199,6,2,781
ДжД§ОАКї,204,323,199,6,2,778
ДжД§µсПс,204,323,199,6,2,775
ДжД§№­јэКЦ,204,327,210,5,2,772
ДжД§КМОА,204,327,210,5,2,769
ДжД§ОАКї,204,327,210,5,2,766
ДжД§µсПс,204,327,210,5,2,763
ДжД§№­јэКЦ,204,318,223,4,2,760
ДжД§КМОА,204,318,223,4,2,757
ДжД§ОАКї,204,318,223,4,2,754
ДжД§µсПс,204,318,223,4,2,751
ДжД§№­јэКЦ,204,306,233,5,2,748
ДжД§КМОА,204,306,233,5,2,745
ДжД§ОАКї,204,306,233,5,2,742
ДжД§µсПс,204,306,233,5,2,739
ДжД§№­јэКЦ,204,294,246,4,2,736
ДжД§КМОА,204,294,246,4,2,733
ДжД§ОАКї,204,294,246,4,2,730
ДжД§µсПс,204,294,246,4,2,727
ДжД§№­јэКЦ,204,281,259,4,2,724
ДжД§КМОА,204,281,259,4,2,721
ДжД§ОАКї,204,281,259,4,2,718
ДжД§µсПс,204,281,259,4,2,715
ДжД§№­јэКЦ,204,270,270,5,2,712
ДжД§КМОА,204,270,270,5,2,709
ДжД§ОАКї,204,270,270,5,2,706
ДжД§µсПс,204,270,270,5,2,703
ДжД§№­јэКЦ,204,275,283,4,2,700
ДжД§КМОА,204,275,283,4,2,697
ДжД§ОАКї,204,275,283,4,2,694
ДжД§µсПс,204,275,283,4,2,691
ДжД§№­јэКЦ,204,279,275,6,2,688
ДжД§КМОА,204,279,275,6,2,685
ДжД§ОАКї,204,279,275,6,2,682
ДжД§µсПс,204,279,275,6,2,679
ДжД§№­јэКЦ,204,263,262,5,2,676
ДжД§КМОА,204,263,262,5,2,673
ДжД§ОАКї,204,263,262,5,2,670
ДжД§µсПс,204,263,262,5,2,667
ДжД§№­јэКЦ,204,249,256,6,2,664
ДжД§КМОА,204,249,256,6,2,661
ДжД§ОАКї,204,249,256,6,2,658
ДжД§µсПс,204,249,256,6,2,655
ДжД§№­јэКЦ,204,241,246,6,2,652
ДжД§КМОА,204,241,246,6,2,649
ДжД§ОАКї,204,241,246,6,2,646
ДжД§µсПс,204,241,246,6,2,643
ДжД§№­јэКЦ,204,262,277,5,2,640
ДжД§КМОА,204,262,277,5,2,637
ДжД§ОАКї,204,262,277,5,2,634
ДжД§µсПс,204,262,277,5,2,631
ДжД§№­јэКЦ,204,254,287,4,2,628
ДжД§КМОА,204,254,287,4,2,625
ДжД§ОАКї,204,254,287,4,2,622
ДжД§µсПс,204,254,287,4,2,619
ДжД§№­јэКЦ,204,243,297,4,2,616
ДжД§КМОА,204,243,297,4,2,613
ДжД§ОАКї,204,243,297,4,2,610
ДжД§µсПс,204,243,297,4,2,607
ДжД§№­јэКЦ,204,232,310,4,2,604
ДжД§КМОА,204,232,310,4,2,601
ДжД§ОАКї,204,232,310,4,2,598
ДжД§µсПс,204,232,310,4,2,595
ДжД§№­јэКЦ,204,217,323,4,2,592
ДжД§КМОА,204,217,323,4,2,589
ДжД§ОАКї,204,217,323,4,2,586
ДжД§µсПс,204,217,323,4,2,583
ДжД§№­јэКЦ,204,202,334,4,2,580
ДжД§КМОА,204,202,334,4,2,577
ДжД§ОАКї,204,202,334,4,2,574
ДжД§µсПс,204,202,334,4,2,571
ДжД§№­јэКЦ,204,192,336,4,2,568
ДжД§КМОА,204,192,336,4,2,565
ДжД§ОАКї,204,192,336,4,2,562
ДжД§µсПс,204,192,336,4,2,559
ДжД§№­јэКЦ,204,200,322,6,2,556
ДжД§КМОА,204,200,322,6,2,553
ДжД§ОАКї,204,200,322,6,2,550
ДжД§µсПс,204,200,322,6,2,547
ДжД§№­јэКЦ,204,191,327,4,2,544
ДжД§КМОА,204,191,327,4,2,541
ДжД§ОАКї,204,191,327,4,2,538
ДжД§µсПс,204,191,327,4,2,535
ДжД§№­јэКЦ,204,178,322,4,2,532
ДжД§КМОА,204,178,322,4,2,529
ДжД§ОАКї,204,178,322,4,2,526
ДжД§µсПс,204,178,322,4,2,523
ДжД§№­јэКЦ,204,168,312,4,2,520
ДжД§КМОА,204,168,312,4,2,517
ДжД§ОАКї,204,168,312,4,2,514
ДжД§µсПс,204,168,312,4,2,511
ДжД§№­јэКЦ,204,158,303,5,2,508
ДжД§КМОА,204,158,303,5,2,505
ДжД§ОАКї,204,158,303,5,2,502
ДжД§µсПс,204,158,303,5,2,499
ДжД§№­јэКЦ,204,151,296,4,2,496
ДжД§КМОА,204,151,296,4,2,493
ДжД§ОАКї,204,151,296,4,2,490
ДжД§µсПс,204,151,296,4,2,487
ДжД§№­јэКЦ,204,144,289,4,2,484
ДжД§КМОА,204,144,289,4,2,481
ДжД§ОАКї,204,144,289,4,2,478
ДжД§µсПс,204,144,289,4,2,475
ДжД§№­јэКЦ,204,137,281,5,2,472
ДжД§КМОА,204,137,281,5,2,469
ДжД§ОАКї,204,137,281,5,2,466
ДжД§µсПс,204,137,281,5,2,463
ДжД§№­јэКЦ,204,118,283,4,2,460
ДжД§КМОА,204,118,283,4,2,457
ДжД§ОАКї,204,118,283,4,2,454
ДжД§µсПс,204,118,283,4,2,451
ДжД§№­јэКЦ,204,126,275,4,2,448
ДжД§КМОА,204,126,275,4,2,445
ДжД§ОАКї,204,126,275,4,2,442
ДжД§µсПс,204,126,275,4,2,439
ДжД§№­јэКЦ,204,139,263,4,2,436
ДжД§КМОА,204,139,263,4,2,433
ДжД§ОАКї,204,139,263,4,2,430
ДжД§µсПс,204,139,263,4,2,427
ДжД§№­јэКЦ,204,151,251,5,2,424
ДжД§КМОА,204,151,251,5,2,421
ДжД§ОАКї,204,151,251,5,2,418
ДжД§µсПс,204,151,251,5,2,415
ДжД§№­јэКЦ,204,164,238,5,2,412
ДжД§КМОА,204,164,238,5,2,409
ДжД§ОАКї,204,164,238,5,2,406
ДжД§µсПс,204,164,238,5,2,403
ДжД§№­јэКЦ,204,176,226,5,2,400
ДжД§КМОА,204,176,226,5,2,397
ДжД§ОАКї,204,176,226,5,2,394
ДжД§µсПс,204,176,226,5,2,391
ДжД§№­јэКЦ,204,116,260,4,2,388
ДжД§КМОА,204,116,260,4,2,385
ДжД§ОАКї,204,116,260,4,2,382
ДжД§µсПс,204,116,260,4,2,379
ДжД§№­јэКЦ,204,104,249,5,2,376
ДжД§КМОА,204,104,249,5,2,373
ДжД§ОАКї,204,104,249,5,2,370
ДжД§µсПс,204,104,249,5,2,367
ДжД§№­јэКЦ,204,94,239,4,2,364
ДжД§КМОА,204,94,239,4,2,361
ДжД§ОАКї,204,94,239,4,2,358
ДжД§µсПс,204,94,239,4,2,355
ДжД§№­јэКЦ,204,85,229,6,2,352
ДжД§КМОА,204,85,229,6,2,349
ДжД§ОАКї,204,85,229,6,2,346
ДжД§µсПс,204,85,229,6,2,343
ДжД§№­јэКЦ,204,76,219,5,2,340
ДжД§КМОА,204,76,219,5,2,337
ДжД§ОАКї,204,76,219,5,2,334
ДжД§µсПс,204,76,219,5,2,331
ДжД§№­јэКЦ,204,67,211,5,2,328
ДжД§КМОА,204,67,211,5,2,325
ДжД§ОАКї,204,67,211,5,2,322
ДжД§µсПс,204,67,211,5,2,319
ДжД§№­јэКЦ,204,64,203,3,2,316
ДжД§КМОА,204,64,203,3,2,313
ДжД§ОАКї,204,64,203,3,2,310
ДжД§µсПс,204,64,203,3,2,307
ДжД§№­јэКЦ,204,76,206,3,2,304
ДжД§КМОА,204,76,206,3,2,301
ДжД§ОАКї,204,76,206,3,2,1000
ДжД§µсПс,204,76,206,3,2,997
ДжД§№­јэКЦ,204,76,198,5,2,994
ДжД§КМОА,204,76,198,5,2,991
ДжД§ОАКї,204,76,198,5,2,988
ДжД§µсПс,204,76,198,5,2,985
ДжД§№­јэКЦ,204,75,186,5,2,982
ДжД§КМОА,204,75,186,5,2,979
ДжД§ОАКї,204,75,186,5,2,976
ДжД§µсПс,204,75,186,5,2,973
ДжД§№­јэКЦ,204,85,178,4,2,970
ДжД§КМОА,204,85,178,4,2,967
ДжД§ОАКї,204,85,178,4,2,964
ДжД§µсПс,204,85,178,4,2,961
ДжД§№­јэКЦ,204,98,167,4,2,958
ДжД§КМОА,204,98,167,4,2,955
ДжД§ОАКї,204,98,167,4,2,952
ДжД§µсПс,204,98,167,4,2,949
ДжД§№­јэКЦ,204,110,154,5,2,946
ДжД§КМОА,204,110,154,5,2,943
ДжД§ОАКї,204,110,154,5,2,940
ДжД§µсПс,204,110,154,5,2,937
ДжД§№­јэКЦ,204,122,142,3,2,934
ДжД§КМОА,204,122,142,3,2,931
ДжД§ОАКї,204,122,142,3,2,928
ДжД§µсПс,204,122,142,3,2,925
ДжД§№­јэКЦ,204,135,130,6,2,922
ДжД§КМОА,204,135,130,6,2,919
ДжД§ОАКї,204,135,130,6,2,916
ДжД§µсПс,204,135,130,6,2,913
ДжД§№­јэКЦ,204,125,122,6,2,910
ДжД§КМОА,204,125,122,6,2,907
ДжД§ОАКї,204,125,122,6,2,904
ДжД§µсПс,204,125,122,6,2,901
ДжД§№­јэКЦ,204,138,143,5,2,898
ДжД§КМОА,204,138,143,5,2,895
ДжД§ОАКї,204,138,143,5,2,892
ДжД§µсПс,204,138,143,5,2,889
ДжД§№­јэКЦ,204,149,154,4,2,886
ДжД§КМОА,204,149,154,4,2,883
ДжД§ОАКї,204,149,154,4,2,880
ДжД§µсПс,204,149,154,4,2,877
ДжД§№­јэКЦ,204,148,146,6,2,874
ДжД§КМОА,204,148,146,6,2,871
ДжД§ОАКї,204,148,146,6,2,868
ДжД§µсПс,204,148,146,6,2,865
ДжД§№­јэКЦ,204,142,121,4,2,862
ДжД§КМОА,204,142,121,4,2,859
ДжД§ОАКї,204,142,121,4,2,856
ДжД§µсПс,204,142,121,4,2,853
ДжД§№­јэКЦ,204,147,114,4,2,850
ДжД§КМОА,204,147,114,4,2,847
ДжД§ОАКї,204,147,114,4,2,844
ДжД§µсПс,204,147,114,4,2,841
ДжД§№­јэКЦ,204,157,107,4,2,838
ДжД§КМОА,204,157,107,4,2,835
ДжД§ОАКї,204,157,107,4,2,832
ДжД§µсПс,204,157,107,4,2,829
ДжД§№­јэКЦ,204,168,97,4,2,826
ДжД§КМОА,204,168,97,4,2,823
ДжД§ОАКї,204,168,97,4,2,820
ДжД§µсПс,204,168,97,4,2,817
ДжД§№­јэКЦ,204,179,84,6,2,814
ДжД§КМОА,204,179,84,6,2,811
ДжД§ОАКї,204,179,84,6,2,808
ДжД§µсПс,204,179,84,6,2,805
ДжД§№­јэКЦ,204,190,73,7,2,802
ДжД§КМОА,204,190,73,7,2,799
ДжД§ОАКї,204,190,73,7,2,796
ДжД§µсПс,204,190,73,7,2,793
ДжД§№­јэКЦ,204,202,71,6,2,790
ДжД§КМОА,204,202,71,6,2,787
ДжД§ОАКї,204,202,71,6,2,784
ДжД§µсПс,204,202,71,6,2,781
ДжД§№­јэКЦ,204,200,83,4,2,778
ДжД§КМОА,204,200,83,4,2,775
ДжД§ОАКї,204,200,83,4,2,772
ДжД§µсПс,204,200,83,4,2,769
ДжД§№­јэКЦ,204,202,62,8,2,766
ДжД§КМОА,204,202,62,8,2,763
ДжД§ОАКї,204,202,62,8,2,760
ДжД§µсПс,204,202,62,8,2,757
ДжД§№­јэКЦ,204,213,73,6,2,754
ДжД§КМОА,204,213,73,6,2,751
ДжД§ОАКї,204,213,73,6,2,748
ДжД§µсПс,204,213,73,6,2,745
ДжД§№­јэКЦ,204,224,82,6,2,742
ДжД§КМОА,204,224,82,6,2,739
ДжД§ОАКї,204,224,82,6,2,736
ДжД§µсПс,204,224,82,6,2,733
ДжД§№­јэКЦ,204,235,93,6,2,730
ДжД§КМОА,204,235,93,6,2,727
ДжД§ОАКї,204,235,93,6,2,724
ДжД§µсПс,204,235,93,6,2,721
ДжД§№­јэКЦ,204,248,107,4,2,718
ДжД§КМОА,204,248,107,4,2,715
ДжД§ОАКї,204,248,107,4,2,712
ДжД§µсПс,204,248,107,4,2,709
ДжД§№­јэКЦ,204,262,118,5,2,706
ДжД§КМОА,204,262,118,5,2,703
ДжД§ОАКї,204,262,118,5,2,700
ДжД§µсПс,204,262,118,5,2,697
ДжД§№­јэКЦ,204,180,207,4,2,694
ДжД§КМОА,204,180,207,4,2,691
ДжД§ОАКї,204,180,207,4,2,688
ДжД§µсПс,204,180,207,4,2,685
ДжД§№­јэКЦ,204,195,225,4,2,682
ДжД§КМОА,204,195,225,4,2,679
ДжД§ОАКї,204,195,225,4,2,676
ДжД§µсПс,204,195,225,4,2,673
ДжД§№­јэКЦ,204,207,218,5,2,670
ДжД§КМОА,204,207,218,5,2,667
ДжД§ОАКї,204,207,218,5,2,664
ДжД§µсПс,204,207,218,5,2,661
ДжД§№­јэКЦ,204,219,203,5,2,658
ДжД§КМОА,204,219,203,5,2,655
ДжД§ОАКї,204,219,203,5,2,652
ДжД§µсПс,204,219,203,5,2,649
ДжД§№­јэКЦ,204,185,196,3,2,646
ДжД§КМОА,204,185,196,3,2,643
ДжД§ОАКї,204,185,196,3,2,640
ДжД§µсПс,204,185,196,3,2,637
ДжД§,204,199,204,1,1,3600
