地下小鬼,202,53,141,3,2,1000
逆魔弓箭手,202,53,141,3,2,997
逆魔侍卫,202,53,141,3,2,994
逆魔卫士,202,53,141,3,2,991
逆魔雕像,202,53,141,3,2,988
地下小鬼,202,66,135,5,2,985
逆魔弓箭手,202,66,135,5,2,982
逆魔侍卫,202,66,135,5,2,979
逆魔卫士,202,66,135,5,2,976
逆魔雕像,202,66,135,5,2,973
地下小鬼,202,52,151,4,2,970
逆魔弓箭手,202,52,151,4,2,967
逆魔侍卫,202,52,151,4,2,964
逆魔卫士,202,52,151,4,2,961
逆魔雕像,202,52,151,4,2,958
地下小鬼,202,58,158,4,2,955
逆魔弓箭手,202,58,158,4,2,952
逆魔侍卫,202,58,158,4,2,949
逆魔卫士,202,58,158,4,2,946
逆魔雕像,202,58,158,4,2,943
地下小鬼,202,73,145,5,2,940
逆魔弓箭手,202,73,145,5,2,937
逆魔侍卫,202,73,145,5,2,934
逆魔卫士,202,73,145,5,2,931
逆魔雕像,202,73,145,5,2,928
地下小鬼,202,72,157,5,2,925
逆魔弓箭手,202,72,157,5,2,922
逆魔侍卫,202,72,157,5,2,919
逆魔卫士,202,72,157,5,2,916
逆魔雕像,202,72,157,5,2,913
地下小鬼,202,83,169,4,2,910
逆魔弓箭手,202,83,169,4,2,907
逆魔侍卫,202,83,169,4,2,904
逆魔卫士,202,83,169,4,2,901
逆魔雕像,202,83,169,4,2,898
地下小鬼,202,92,179,6,2,895
逆魔弓箭手,202,92,179,6,2,892
逆魔侍卫,202,92,179,6,2,889
逆魔卫士,202,92,179,6,2,886
逆魔雕像,202,92,179,6,2,883
地下小鬼,202,105,176,4,2,880
逆魔弓箭手,202,105,176,4,2,877
逆魔侍卫,202,105,176,4,2,874
逆魔卫士,202,105,176,4,2,871
逆魔雕像,202,105,176,4,2,868
地下小鬼,202,93,189,4,2,865
逆魔弓箭手,202,93,189,4,2,862
逆魔侍卫,202,93,189,4,2,859
逆魔卫士,202,93,189,4,2,856
逆魔雕像,202,93,189,4,2,853
地下小鬼,202,101,199,5,2,850
逆魔弓箭手,202,101,199,5,2,847
逆魔侍卫,202,101,199,5,2,844
逆魔卫士,202,101,199,5,2,841
逆魔雕像,202,101,199,5,2,838
地下小鬼,202,114,187,6,2,835
逆魔弓箭手,202,114,187,6,2,832
逆魔侍卫,202,114,187,6,2,829
逆魔卫士,202,114,187,6,2,826
逆魔雕像,202,114,187,6,2,823
地下小鬼,202,111,198,5,2,820
逆魔弓箭手,202,111,198,5,2,817
逆魔侍卫,202,111,198,5,2,814
逆魔卫士,202,111,198,5,2,811
逆魔雕像,202,111,198,5,2,808
地下小鬼,202,121,206,5,2,805
逆魔弓箭手,202,121,206,5,2,802
逆魔侍卫,202,121,206,5,2,799
逆魔卫士,202,121,206,5,2,796
逆魔雕像,202,121,206,5,2,793
地下小鬼,202,117,221,3,2,790
逆魔弓箭手,202,117,221,3,2,787
逆魔侍卫,202,117,221,3,2,784
逆魔卫士,202,117,221,3,2,781
逆魔雕像,202,117,221,3,2,778
地下小鬼,202,128,215,5,2,775
逆魔弓箭手,202,128,215,5,2,772
逆魔侍卫,202,128,215,5,2,769
逆魔卫士,202,128,215,5,2,766
逆魔雕像,202,128,215,5,2,763
地下小鬼,202,144,213,4,2,760
逆魔弓箭手,202,144,213,4,2,757
逆魔侍卫,202,144,213,4,2,754
逆魔卫士,202,144,213,4,2,751
逆魔雕像,202,144,213,4,2,748
地下小鬼,202,139,221,4,2,745
逆魔弓箭手,202,139,221,4,2,742
逆魔侍卫,202,139,221,4,2,739
逆魔卫士,202,139,221,4,2,736
逆魔雕像,202,139,221,4,2,733
地下小鬼,202,142,232,4,2,730
逆魔弓箭手,202,142,232,4,2,727
逆魔侍卫,202,142,232,4,2,724
逆魔卫士,202,142,232,4,2,721
逆魔雕像,202,142,232,4,2,718
地下小鬼,202,136,241,4,2,715
逆魔弓箭手,202,136,241,4,2,712
逆魔侍卫,202,136,241,4,2,709
逆魔卫士,202,136,241,4,2,706
逆魔雕像,202,136,241,4,2,703
地下小鬼,202,153,240,6,2,700
逆魔弓箭手,202,153,240,6,2,697
逆魔侍卫,202,153,240,6,2,694
逆魔卫士,202,153,240,6,2,691
逆魔雕像,202,153,240,6,2,688
地下小鬼,202,168,228,4,2,685
逆魔弓箭手,202,168,228,4,2,682
逆魔侍卫,202,168,228,4,2,679
逆魔卫士,202,168,228,4,2,676
逆魔雕像,202,168,228,4,2,673
地下小鬼,202,182,215,5,2,670
逆魔弓箭手,202,182,215,5,2,667
逆魔侍卫,202,182,215,5,2,664
逆魔卫士,202,182,215,5,2,661
逆魔雕像,202,182,215,5,2,658
地下小鬼,202,190,202,4,2,655
逆魔弓箭手,202,190,202,4,2,652
逆魔侍卫,202,190,202,4,2,649
逆魔卫士,202,190,202,4,2,646
逆魔雕像,202,190,202,4,2,643
地下小鬼,202,181,193,7,2,640
逆魔弓箭手,202,181,193,7,2,637
逆魔侍卫,202,181,193,7,2,634
逆魔卫士,202,181,193,7,2,631
逆魔雕像,202,181,193,7,2,628
地下小鬼,202,190,187,4,2,625
逆魔弓箭手,202,190,187,4,2,622
逆魔侍卫,202,190,187,4,2,619
逆魔卫士,202,190,187,4,2,616
逆魔雕像,202,190,187,4,2,613
地下小鬼,202,166,191,4,2,610
逆魔弓箭手,202,166,191,4,2,607
逆魔侍卫,202,166,191,4,2,604
逆魔卫士,202,166,191,4,2,601
逆魔雕像,202,166,191,4,2,598
地下小鬼,202,164,176,5,2,595
逆魔弓箭手,202,164,176,5,2,592
逆魔侍卫,202,164,176,5,2,589
逆魔卫士,202,164,176,5,2,586
逆魔雕像,202,164,176,5,2,583
地下小鬼,202,169,165,5,2,580
逆魔弓箭手,202,169,165,5,2,577
逆魔侍卫,202,169,165,5,2,574
逆魔卫士,202,169,165,5,2,571
逆魔雕像,202,169,165,5,2,568
地下小鬼,202,148,165,5,2,565
逆魔弓箭手,202,148,165,5,2,562
逆魔侍卫,202,148,165,5,2,559
逆魔卫士,202,148,165,5,2,556
逆魔雕像,202,148,165,5,2,553
地下小鬼,202,139,172,3,2,550
逆魔弓箭手,202,139,172,3,2,547
逆魔侍卫,202,139,172,3,2,544
逆魔卫士,202,139,172,3,2,541
逆魔雕像,202,139,172,3,2,538
地下小鬼,202,145,147,6,2,535
逆魔弓箭手,202,145,147,6,2,532
逆魔侍卫,202,145,147,6,2,529
逆魔卫士,202,145,147,6,2,526
逆魔雕像,202,145,147,6,2,523
地下小鬼,202,132,148,6,2,520
逆魔弓箭手,202,132,148,6,2,517
逆魔侍卫,202,132,148,6,2,514
逆魔卫士,202,132,148,6,2,511
逆魔雕像,202,132,148,6,2,508
地下小鬼,202,116,151,4,2,505
逆魔弓箭手,202,116,151,4,2,502
逆魔侍卫,202,116,151,4,2,499
逆魔卫士,202,116,151,4,2,496
逆魔雕像,202,116,151,4,2,493
地下小鬼,202,121,132,6,2,490
逆魔弓箭手,202,121,132,6,2,487
逆魔侍卫,202,121,132,6,2,484
逆魔卫士,202,121,132,6,2,481
逆魔雕像,202,121,132,6,2,478
地下小鬼,202,124,119,4,2,475
逆魔弓箭手,202,124,119,4,2,472
逆魔侍卫,202,124,119,4,2,469
逆魔卫士,202,124,119,4,2,466
逆魔雕像,202,124,119,4,2,463
地下小鬼,202,96,128,5,2,460
逆魔弓箭手,202,96,128,5,2,457
逆魔侍卫,202,96,128,5,2,454
逆魔卫士,202,96,128,5,2,451
逆魔雕像,202,96,128,5,2,448
地下小鬼,202,106,121,5,2,445
逆魔弓箭手,202,106,121,5,2,442
逆魔侍卫,202,106,121,5,2,439
逆魔卫士,202,106,121,5,2,436
逆魔雕像,202,106,121,5,2,433
地下小鬼,202,98,108,5,2,430
逆魔弓箭手,202,98,108,5,2,427
逆魔侍卫,202,98,108,5,2,424
逆魔卫士,202,98,108,5,2,421
逆魔雕像,202,98,108,5,2,418
地下小鬼,202,105,99,4,2,415
逆魔弓箭手,202,105,99,4,2,412
逆魔侍卫,202,105,99,4,2,409
逆魔卫士,202,105,99,4,2,406
逆魔雕像,202,105,99,4,2,403
地下小鬼,202,75,106,4,2,400
逆魔弓箭手,202,75,106,4,2,397
逆魔侍卫,202,75,106,4,2,394
逆魔卫士,202,75,106,4,2,391
逆魔雕像,202,75,106,4,2,388
地下小鬼,202,88,101,4,2,385
逆魔弓箭手,202,88,101,4,2,382
逆魔侍卫,202,88,101,4,2,379
逆魔卫士,202,88,101,4,2,376
逆魔雕像,202,88,101,4,2,373
地下小鬼,202,82,92,4,2,370
逆魔弓箭手,202,82,92,4,2,367
逆魔侍卫,202,82,92,4,2,364
逆魔卫士,202,82,92,4,2,361
逆魔雕像,202,82,92,4,2,358
地下小鬼,202,90,81,5,2,355
逆魔弓箭手,202,90,81,5,2,352
逆魔侍卫,202,90,81,5,2,349
逆魔卫士,202,90,81,5,2,346
逆魔雕像,202,90,81,5,2,343
地下小鬼,202,103,70,4,2,340
逆魔弓箭手,202,103,70,4,2,337
逆魔侍卫,202,103,70,4,2,334
逆魔卫士,202,103,70,4,2,331
逆魔雕像,202,103,70,4,2,328
地下小鬼,202,115,78,5,2,325
逆魔弓箭手,202,115,78,5,2,322
逆魔侍卫,202,115,78,5,2,319
逆魔卫士,202,115,78,5,2,316
逆魔雕像,202,115,78,5,2,313
地下小鬼,202,127,89,5,2,310
逆魔弓箭手,202,127,89,5,2,307
逆魔侍卫,202,127,89,5,2,304
逆魔卫士,202,127,89,5,2,301
逆魔雕像,202,127,89,5,2,1000
地下小鬼,202,138,84,4,2,997
逆魔弓箭手,202,138,84,4,2,994
逆魔侍卫,202,138,84,4,2,991
逆魔卫士,202,138,84,4,2,988
逆魔雕像,202,138,84,4,2,985
地下小鬼,202,137,99,5,2,982
逆魔弓箭手,202,137,99,5,2,979
逆魔侍卫,202,137,99,5,2,976
逆魔卫士,202,137,99,5,2,973
逆魔雕像,202,137,99,5,2,970
地下小鬼,202,147,110,5,2,967
逆魔弓箭手,202,147,110,5,2,964
逆魔侍卫,202,147,110,5,2,961
逆魔卫士,202,147,110,5,2,958
逆魔雕像,202,147,110,5,2,955
地下小鬼,202,159,123,5,2,952
逆魔弓箭手,202,159,123,5,2,949
逆魔侍卫,202,159,123,5,2,946
逆魔卫士,202,159,123,5,2,943
逆魔雕像,202,159,123,5,2,940
地下小鬼,202,169,133,5,2,937
逆魔弓箭手,202,169,133,5,2,934
逆魔侍卫,202,169,133,5,2,931
逆魔卫士,202,169,133,5,2,928
逆魔雕像,202,169,133,5,2,925
地下小鬼,202,185,131,5,2,922
逆魔弓箭手,202,185,131,5,2,919
逆魔侍卫,202,185,131,5,2,916
逆魔卫士,202,185,131,5,2,913
逆魔雕像,202,185,131,5,2,910
地下小鬼,202,182,144,5,2,907
逆魔弓箭手,202,182,144,5,2,904
逆魔侍卫,202,182,144,5,2,901
逆魔卫士,202,182,144,5,2,898
逆魔雕像,202,182,144,5,2,895
地下小鬼,202,190,155,5,2,892
逆魔弓箭手,202,190,155,5,2,889
逆魔侍卫,202,190,155,5,2,886
逆魔卫士,202,190,155,5,2,883
逆魔雕像,202,190,155,5,2,880
地下小鬼,202,200,165,5,2,877
逆魔弓箭手,202,200,165,5,2,874
逆魔侍卫,202,200,165,5,2,871
逆魔卫士,202,200,165,5,2,868
逆魔雕像,202,200,165,5,2,865
地下小鬼,202,213,174,5,2,862
逆魔弓箭手,202,213,174,5,2,859
逆魔侍卫,202,213,174,5,2,856
逆魔卫士,202,213,174,5,2,853
逆魔雕像,202,213,174,5,2,850
地下小鬼,202,227,168,3,2,847
逆魔弓箭手,202,227,168,3,2,844
逆魔侍卫,202,227,168,3,2,841
逆魔卫士,202,227,168,3,2,838
逆魔雕像,202,227,168,3,2,835
地下小鬼,202,227,155,5,2,832
逆魔弓箭手,202,227,155,5,2,829
逆魔侍卫,202,227,155,5,2,826
逆魔卫士,202,227,155,5,2,823
逆魔雕像,202,227,155,5,2,820
地下小鬼,202,243,152,4,2,817
逆魔弓箭手,202,243,152,4,2,814
逆魔侍卫,202,243,152,4,2,811
逆魔卫士,202,243,152,4,2,808
逆魔雕像,202,243,152,4,2,805
地下小鬼,202,248,142,5,2,802
逆魔弓箭手,202,248,142,5,2,799
逆魔侍卫,202,248,142,5,2,796
逆魔卫士,202,248,142,5,2,793
逆魔雕像,202,248,142,5,2,790
地下小鬼,202,240,131,4,2,787
逆魔弓箭手,202,240,131,4,2,784
逆魔侍卫,202,240,131,4,2,781
逆魔卫士,202,240,131,4,2,778
逆魔雕像,202,240,131,4,2,775
地下小鬼,202,235,160,4,2,772
逆魔弓箭手,202,235,160,4,2,769
逆魔侍卫,202,235,160,4,2,766
逆魔卫士,202,235,160,4,2,763
逆魔雕像,202,235,160,4,2,760
地下小鬼,202,223,171,4,2,757
逆魔弓箭手,202,223,171,4,2,754
逆魔侍卫,202,223,171,4,2,751
逆魔卫士,202,223,171,4,2,748
逆魔雕像,202,223,171,4,2,745
地下小鬼,202,224,159,3,2,742
逆魔弓箭手,202,224,159,3,2,739
逆魔侍卫,202,224,159,3,2,736
逆魔卫士,202,224,159,3,2,733
逆魔雕像,202,224,159,3,2,730
地下小鬼,202,229,122,4,2,727
逆魔弓箭手,202,229,122,4,2,724
逆魔侍卫,202,229,122,4,2,721
逆魔卫士,202,229,122,4,2,718
逆魔雕像,202,229,122,4,2,715
地下小鬼,202,215,120,4,2,712
逆魔弓箭手,202,215,120,4,2,709
逆魔侍卫,202,215,120,4,2,706
逆魔卫士,202,215,120,4,2,703
逆魔雕像,202,215,120,4,2,700
地下小鬼,202,210,104,5,2,697
逆魔弓箭手,202,210,104,5,2,694
逆魔侍卫,202,210,104,5,2,691
逆魔卫士,202,210,104,5,2,688
逆魔雕像,202,210,104,5,2,685
地下小鬼,202,200,90,5,2,682
逆魔弓箭手,202,200,90,5,2,679
逆魔侍卫,202,200,90,5,2,676
逆魔卫士,202,200,90,5,2,673
逆魔雕像,202,200,90,5,2,670
地下小鬼,202,183,90,4,2,667
逆魔弓箭手,202,183,90,4,2,664
逆魔侍卫,202,183,90,4,2,661
逆魔卫士,202,183,90,4,2,658
逆魔雕像,202,183,90,4,2,655
地下小鬼,202,172,98,4,2,652
逆魔弓箭手,202,172,98,4,2,649
逆魔侍卫,202,172,98,4,2,646
逆魔卫士,202,172,98,4,2,643
逆魔雕像,202,172,98,4,2,640
地下小鬼,202,165,107,3,2,637
逆魔弓箭手,202,165,107,3,2,634
逆魔侍卫,202,165,107,3,2,631
逆魔卫士,202,165,107,3,2,628
逆魔雕像,202,165,107,3,2,625
地下小鬼,202,185,79,5,2,622
逆魔弓箭手,202,185,79,5,2,619
逆魔侍卫,202,185,79,5,2,616
逆魔卫士,202,185,79,5,2,613
逆魔雕像,202,185,79,5,2,610
地下小鬼,202,175,66,5,2,607
逆魔弓箭手,202,175,66,5,2,604
逆魔侍卫,202,175,66,5,2,601
逆魔卫士,202,175,66,5,2,598
逆魔雕像,202,175,66,5,2,595
地下小鬼,202,162,54,5,2,592
逆魔弓箭手,202,162,54,5,2,589
逆魔侍卫,202,162,54,5,2,586
逆魔卫士,202,162,54,5,2,583
逆魔雕像,202,162,54,5,2,580
地下小鬼,202,148,52,5,2,577
逆魔弓箭手,202,148,52,5,2,574
逆魔侍卫,202,148,52,5,2,571
逆魔卫士,202,148,52,5,2,568
逆魔雕像,202,148,52,5,2,565
地下小鬼,202,141,36,4,2,562
逆魔弓箭手,202,141,36,4,2,559
逆魔侍卫,202,141,36,4,2,556
逆魔卫士,202,141,36,4,2,553
逆魔雕像,202,141,36,4,2,550
