黑蛇妖,198,119,144,5,2,1000
红蛇妖,198,119,144,5,2,997
三头蛇,198,119,144,5,2,994
黑蛇妖,198,112,134,5,2,991
红蛇妖,198,112,134,5,2,988
三头蛇,198,112,134,5,2,985
黑蛇妖,198,94,153,4,2,982
红蛇妖,198,94,153,4,2,979
三头蛇,198,94,153,4,2,976
黑蛇妖,198,88,158,4,2,973
红蛇妖,198,88,158,4,2,970
三头蛇,198,88,158,4,2,967
黑蛇妖,198,99,168,5,2,964
红蛇妖,198,99,168,5,2,961
三头蛇,198,99,168,5,2,958
黑蛇妖,198,105,164,5,2,955
红蛇妖,198,105,164,5,2,952
三头蛇,198,105,164,5,2,949
黑蛇妖,198,113,156,6,2,946
红蛇妖,198,113,156,6,2,943
三头蛇,198,113,156,6,2,940
黑蛇妖,198,128,141,5,2,937
红蛇妖,198,128,141,5,2,934
三头蛇,198,128,141,5,2,931
黑蛇妖,198,137,132,4,2,928
红蛇妖,198,137,132,4,2,925
三头蛇,198,137,132,4,2,922
黑蛇妖,198,144,124,5,2,919
红蛇妖,198,144,124,5,2,916
三头蛇,198,144,124,5,2,913
黑蛇妖,198,151,119,5,2,910
红蛇妖,198,151,119,5,2,907
三头蛇,198,151,119,5,2,904
黑蛇妖,198,159,111,5,2,901
红蛇妖,198,159,111,5,2,898
三头蛇,198,159,111,5,2,895
黑蛇妖,198,165,104,4,2,892
红蛇妖,198,165,104,4,2,889
三头蛇,198,165,104,4,2,886
黑蛇妖,198,179,106,5,2,883
红蛇妖,198,179,106,5,2,880
三头蛇,198,179,106,5,2,877
黑蛇妖,198,186,115,5,2,874
红蛇妖,198,186,115,5,2,871
三头蛇,198,186,115,5,2,868
黑蛇妖,198,192,124,5,2,865
红蛇妖,198,192,124,5,2,862
三头蛇,198,192,124,5,2,859
黑蛇妖,198,195,134,4,2,856
红蛇妖,198,195,134,4,2,853
三头蛇,198,195,134,4,2,850
黑蛇妖,198,185,133,4,2,847
红蛇妖,198,185,133,4,2,844
三头蛇,198,185,133,4,2,841
黑蛇妖,198,166,149,3,2,838
红蛇妖,198,166,149,3,2,835
三头蛇,198,166,149,3,2,832
黑蛇妖,198,157,150,5,2,829
红蛇妖,198,157,150,5,2,826
三头蛇,198,157,150,5,2,823
黑蛇妖,198,165,160,6,2,820
红蛇妖,198,165,160,6,2,817
三头蛇,198,165,160,6,2,814
黑蛇妖,198,171,165,6,2,811
红蛇妖,198,171,165,6,2,808
三头蛇,198,171,165,6,2,805
黑蛇妖,198,181,168,5,2,802
红蛇妖,198,181,168,5,2,799
三头蛇,198,181,168,5,2,796
黑蛇妖,198,165,177,5,2,793
红蛇妖,198,165,177,5,2,790
三头蛇,198,165,177,5,2,787
黑蛇妖,198,158,185,5,2,784
红蛇妖,198,158,185,5,2,781
三头蛇,198,158,185,5,2,778
黑蛇妖,198,164,193,5,2,775
红蛇妖,198,164,193,5,2,772
三头蛇,198,164,193,5,2,769
黑蛇妖,198,157,200,4,2,766
红蛇妖,198,157,200,4,2,763
三头蛇,198,157,200,4,2,760
黑蛇妖,198,151,193,4,2,757
红蛇妖,198,151,193,4,2,754
三头蛇,198,151,193,4,2,751
黑蛇妖,198,144,200,4,2,748
红蛇妖,198,144,200,4,2,745
三头蛇,198,144,200,4,2,742
黑蛇妖,198,139,207,4,2,739
红蛇妖,198,139,207,4,2,736
三头蛇,198,139,207,4,2,733
黑蛇妖,198,134,193,4,2,730
红蛇妖,198,134,193,4,2,727
三头蛇,198,134,193,4,2,724
黑蛇妖,198,128,184,5,2,721
红蛇妖,198,128,184,5,2,718
三头蛇,198,128,184,5,2,715
黑蛇妖,198,120,190,5,2,712
红蛇妖,198,120,190,5,2,709
三头蛇,198,120,190,5,2,706
黑蛇妖,198,112,199,5,2,703
红蛇妖,198,112,199,5,2,700
三头蛇,198,112,199,5,2,697
黑蛇妖,198,101,209,4,2,694
红蛇妖,198,101,209,4,2,691
三头蛇,198,101,209,4,2,688
黑蛇妖,198,85,201,5,2,685
红蛇妖,198,85,201,5,2,682
三头蛇,198,85,201,5,2,679
黑蛇妖,198,72,192,4,2,676
红蛇妖,198,72,192,4,2,673
三头蛇,198,72,192,4,2,670
黑蛇妖,198,62,196,4,2,667
红蛇妖,198,62,196,4,2,664
三头蛇,198,62,196,4,2,661
黑蛇妖,198,65,180,4,2,658
红蛇妖,198,65,180,4,2,655
三头蛇,198,65,180,4,2,652
黑蛇妖,198,57,167,5,2,649
红蛇妖,198,57,167,5,2,646
三头蛇,198,57,167,5,2,643
黑蛇妖,198,46,156,4,2,640
红蛇妖,198,46,156,4,2,637
三头蛇,198,46,156,4,2,634
黑蛇妖,198,53,144,4,2,631
红蛇妖,198,53,144,4,2,628
三头蛇,198,53,144,4,2,625
黑蛇妖,198,63,135,4,2,622
红蛇妖,198,63,135,4,2,619
三头蛇,198,63,135,4,2,616
黑蛇妖,198,76,124,4,2,613
红蛇妖,198,76,124,4,2,610
三头蛇,198,76,124,4,2,607
黑蛇妖,198,89,111,5,2,604
红蛇妖,198,89,111,5,2,601
三头蛇,198,89,111,5,2,598
黑蛇妖,198,64,114,4,2,595
红蛇妖,198,64,114,4,2,592
三头蛇,198,64,114,4,2,589
黑蛇妖,198,55,105,4,2,586
红蛇妖,198,55,105,4,2,583
三头蛇,198,55,105,4,2,580
黑蛇妖,198,45,97,4,2,577
红蛇妖,198,45,97,4,2,574
三头蛇,198,45,97,4,2,571
黑蛇妖,198,52,96,4,2,568
红蛇妖,198,52,96,4,2,565
三头蛇,198,52,96,4,2,562
黑蛇妖,198,59,95,4,2,559
红蛇妖,198,59,95,4,2,556
三头蛇,198,59,95,4,2,553
黑蛇妖,198,66,89,4,2,550
红蛇妖,198,66,89,4,2,547
三头蛇,198,66,89,4,2,544
黑蛇妖,198,73,81,6,2,541
红蛇妖,198,73,81,6,2,538
三头蛇,198,73,81,6,2,535
黑蛇妖,198,67,71,4,2,532
红蛇妖,198,67,71,4,2,529
三头蛇,198,67,71,4,2,526
黑蛇妖,198,80,74,4,2,523
红蛇妖,198,80,74,4,2,520
三头蛇,198,80,74,4,2,517
黑蛇妖,198,87,68,4,2,514
红蛇妖,198,87,68,4,2,511
三头蛇,198,87,68,4,2,508
黑蛇妖,198,96,59,5,2,505
红蛇妖,198,96,59,5,2,502
三头蛇,198,96,59,5,2,499
黑蛇妖,198,105,50,5,2,496
红蛇妖,198,105,50,5,2,493
三头蛇,198,105,50,5,2,490
黑蛇妖,198,114,55,5,2,487
红蛇妖,198,114,55,5,2,484
三头蛇,198,114,55,5,2,481
黑蛇妖,198,121,63,4,2,478
红蛇妖,198,121,63,4,2,475
三头蛇,198,121,63,4,2,472
黑蛇妖,198,130,54,5,2,469
红蛇妖,198,130,54,5,2,466
三头蛇,198,130,54,5,2,463
黑蛇妖,198,135,60,4,2,460
红蛇妖,198,135,60,4,2,457
三头蛇,198,135,60,4,2,454
黑蛇妖,198,130,67,5,2,451
红蛇妖,198,130,67,5,2,448
三头蛇,198,130,67,5,2,445
黑蛇妖,198,123,76,4,2,442
红蛇妖,198,123,76,4,2,439
三头蛇,198,123,76,4,2,436
黑蛇妖,198,116,84,4,2,433
红蛇妖,198,116,84,4,2,430
三头蛇,198,116,84,4,2,427
黑蛇妖,198,106,92,4,2,424
红蛇妖,198,106,92,4,2,421
三头蛇,198,106,92,4,2,418
黑蛇妖,198,98,101,3,2,415
红蛇妖,198,98,101,3,2,412
三头蛇,198,98,101,3,2,409
黑蛇妖,198,120,100,4,2,406
红蛇妖,198,120,100,4,2,403
三头蛇,198,120,100,4,2,400
黑蛇妖,198,139,82,4,2,397
红蛇妖,198,139,82,4,2,394
三头蛇,198,139,82,4,2,391
黑蛇妖,198,153,76,3,2,388
红蛇妖,198,153,76,3,2,385
三头蛇,198,153,76,3,2,382
黑蛇妖,198,165,69,4,2,379
红蛇妖,198,165,69,4,2,376
三头蛇,198,165,69,4,2,373
黑蛇妖,198,177,77,5,2,370
红蛇妖,198,177,77,5,2,367
三头蛇,198,177,77,5,2,364
黑蛇妖,198,191,71,5,2,361
红蛇妖,198,191,71,5,2,358
三头蛇,198,191,71,5,2,355
黑蛇妖,198,187,86,4,2,352
红蛇妖,198,187,86,4,2,349
三头蛇,198,187,86,4,2,346
白蛇妖,198,185,102,1,1,1800
白蛇妖,198,185,77,1,1,1795
白蛇妖,198,151,82,1,1,1790
白蛇妖,198,135,65,1,1,1785
白蛇妖,198,105,55,1,1,1780
白蛇妖,198,80,76,1,1,1775
白蛇妖,198,64,62,1,1,1770
白蛇妖,198,48,86,1,1,1765
白蛇妖,198,51,111,1,1,1760
白蛇妖,198,69,129,1,1,1755
白蛇妖,198,95,107,1,1,1750
白蛇妖,198,54,151,1,1,1745
白蛇妖,198,71,183,1,1,1740
白蛇妖,198,92,208,1,1,1735
白蛇妖,198,125,191,1,1,1730
白蛇妖,198,160,202,1,1,1725
白蛇妖,198,173,172,1,1,1720
白蛇妖,198,172,146,1,1,1715
白蛇妖,198,192,134,1,1,1710
白蛇妖,198,132,112,1,1,1705
白蛇妖,198,118,134,1,1,1700
白蛇妖,198,122,150,1,1,1695
白蛇妖,198,96,159,1,1,1690
白蛇妖,198,100,172,1,1,1685
白蛇妖,198,157,117,1,1,1680
三头蛇王,198,101,156,1,1,3600
三头蛇王,198,43,90,1,1,3580
