нюй©,16,425,587,0,1,1
нюй©,16,431,591,0,1,1
нюй©,16,388,587,0,1,1
нюй©,16,393,582,0,1,1
нюй©,16,399,303,0,1,1
нюй©,16,393,297,0,1,1
нюй©,16,478,211,0,1,1
нюй©,16,489,222,0,1,1
нюй©,16,386,143,0,1,1
нюй©,16,393,136,0,1,1
нюй©,16,548,310,0,1,1
нюй©,16,554,304,0,1,1
нюй©,16,548,151,0,1,1
нюй©,16,541,146,0,1,1
нюй©,53,208,206,0,1,1
нюй©,53,213,201,0,1,1
нюй©,53,219,293,0,1,1
нюй©,53,213,287,0,1,1
нюй©,53,279,282,0,1,1
нюй©,53,285,275,0,1,1
нюй©,53,284,201,0,1,1
нюй©,53,279,196,0,1,1
нюй©,67,143,444,0,1,1
нюй©,67,149,440,0,1,1
нюй©,67,260,485,0,1,1
нюй©,67,267,478,0,1,1
нюй©,67,144,160,0,1,1
нюй©,144,317,210,0,1,1
нюй©,144,312,205,0,1,1
нюй©,144,391,156,0,1,1
нюй©,144,395,152,0,1,1
нюй©,144,429,197,0,1,1
нюй©,220,500,165,0,1,1
нюй©,220,504,161,0,1,1
нюй©,247,55,61,0,1,1
╧╜╪Щйьню,16,515,276,0,1,1
╧╜╪Щйьню,16,521,270,0,1,1
╧╜╪Щйьню,16,529,290,0,1,1
╧╜╪Щйьню,16,535,284,0,1,1
╧╜╪Щйьню,16,455,204,0,1,1
╧╜╪Щйьню,16,449,210,0,1,1
╧╜╪Щйьню,16,423,184,0,1,1
╧╜╪Щйьню,16,429,178,0,1,1
╧╜╪Щйьню,16,403,164,0,1,1
╧╜╪Щйьню,16,409,158,0,1,1
╧╜╪Щйьню,16,496,257,0,1,1
╧╜╪Щйьню,16,502,251,0,1,1
╧╜╪Щйьню,16,414,276,0,1,1
╧╜╪Щйьню,16,420,282,0,1,1
╧╜╪Щйьню,16,438,264,0,1,1
╧╜╪Щйьню,16,432,258,0,1,1
╧╜╪Щйьню,16,457,245,0,1,1
╧╜╪Щйьню,16,451,239,0,1,1
╧╜╪Щйьню,16,506,196,0,1,1
╧╜╪Щйьню,16,500,190,0,1,1
╧╜╪Щйьню,16,516,174,0,1,1
╧╜╪Щйьню,16,522,180,0,1,1
╧╜╪Щйьню,16,532,170,0,1,1
╧╜╪Щйьню,16,526,164,0,1,1
╧╜╪Щйьню,16,724,39,0,1,1
╧╜╪Щйьню,16,729,39,0,1,1
╧╜╪Щйьню,16,782,519,0,1,1
╧╜╪Щйьню,16,780,530,0,1,1
╧╜╪Щйьню,67,438,974,0,1,1
╧╜╪Щйьню,67,442,973,0,1,1
╧╜╪Щйьню,106,64,12,0,1,1
╧╜╪Щйьню,106,60,12,0,1,1
╧╜╪Щйьню,144,180,477,0,1,1
╧╜╪Щйьню,144,184,477,0,1,1
╧╜╪Щйьню,144,14,64,0,1,1
╧╜╪Щйьню,144,14,71,0,1,1
╧╜╪Щйьню,220,598,612,0,1,1
╧╜╪Щйьню,220,601,606,0,1,1
╧╜╪Щйьню,273,13,20,0,1,1
╧╜╪Щйьню,273,17,15,0,1,1
