守护者,176,71,71,40,2,600,@守护者.tutelary
守护者,177,54,124,9,1,600,@守护者.tutelary
守护者,177,116,65,9,1,600,@守护者.tutelary
守护者,178,87,139,13,1,600,@守护者.tutelary
守护者,178,32,85,14,1,600,@守护者.tutelary
守护者1,183,94,102,79,2,600,@守护者.tutelary
守护者1,184,61,72,12,1,600,@守护者.tutelary
守护者1,184,130,22,14,1,600,@守护者.tutelary
守护者1,185,105,125,17,1,600,@守护者.tutelary
守护者1,185,83,163,17,1,600,@守护者.tutelary
守护者2,193,111,114,14,1,900,@守护者.tutelary
守护者2,193,111,41,18,1,900,@守护者.tutelary
守护者2,194,85,77,14,1,900,@守护者.tutelary
守护者2,194,35,116,14,1,900,@守护者.tutelary
守护者2,195,81,130,15,1,900,@守护者.tutelary
守护者2,195,100,84,11,1,900,@守护者.tutelary
守护者3,200,80,158,14,1,900,@守护者.tutelary
守护者3,200,97,82,17,1,900,@守护者.tutelary
守护者3,201,71,154,42,1,900,@守护者.tutelary
守护者3,201,173,58,20,1,900,@守护者.tutelary
守护者3,202,104,192,18,1,900,@守护者.tutelary
守护者3,202,154,50,12,1,900,@守护者.tutelary
宝藏守护者,214,27,29,0,1,600
